ORDER	SENTENCE	STATUS	WORD	RANK	COUNT	COUNT_REL	INDEX	ID
1	Die hat sie aber nicht.	Y	die	1	543,438	3.3769	21.2	german_at_news_2012_00311403
2	Die Menschen sind, was sie sind.	Y	die	1	543,438	3.3769	47.4	german_at_news_2012_00326491
3	Mir geht es nur um die Menschen.	Y	die	1	543,438	3.3769	67.8571	german_at_news_2012_00681746
4	Die beiden haben zwei Kinder und leben in Wien.	Y	die	1	543,438	3.3769	83.2222	german_at_news_2012_00285016
5	Die macht alles alles alles.	Y	die	1	543,438	3.3769	115.6667	german_at_news_2012_00324214
6	Doch der hatte es in sich.	Y	der	2	503,709	3.13	38	german_at_news_2012_00384039
7	Er ist in der Stadt.	Y	der	2	503,709	3.13	48.2	german_at_news_2012_00439473
8	Der würde das aber auch in Wien mit der SPÖ können.	Y	der	2	503,709	3.13	54.1	german_at_news_2012_00268439
9	Ist doch einer, wie der Andere!	Y	der	2	503,709	3.13	60.8333	german_at_news_2012_00616071
10	Vor allem in der Stadt.	Y	der	2	503,709	3.13	76.8	german_at_news_2012_00911672
11	Und das ist sie auch.	Y	und	3	377,730	2.3472	11.2	german_at_news_2012_00870642
12	Und den gibt es jetzt auch.	Y	und	3	377,730	2.3472	35.5	german_at_news_2012_00871879
13	Und damit auch der ÖVP.	Y	und	3	377,730	2.3472	50	german_at_news_2012_00869145
14	Und auch da nur einmal.	Y	und	3	377,730	2.3472	60.4	german_at_news_2012_00867531
15	Und vor allem: Ohne seine Frau und die drei Kinder.	Y	und	3	377,730	2.3472	100.3333	german_at_news_2012_00882960
16	Und wie ist das in Österreich?	Y	in	4	290,330	1.8041	20	german_at_news_2012_00885192
17	Nur in Wien gibt es die noch nicht.	Y	in	4	290,330	1.8041	34.25	german_at_news_2012_00734860
18	So etwas gibt es nur noch in Österreich.	Y	in	4	290,330	1.8041	53.75	german_at_news_2012_00821945
19	Kommt auch schon in die Jahre.	Y	in	4	290,330	1.8041	60.6667	german_at_news_2012_00640639
20	Die beiden haben zwei Kinder und leben in Wien.	Y	in	4	290,330	1.8041	83.2222	german_at_news_2012_00285016
21	Und das ist sie auch.	Y	das	5	196,265	1.2196	11.2	german_at_news_2012_00870642
22	Wie geht sich das aus?	Y	das	5	196,265	1.2196	38.2	german_at_news_2012_00954895
23	Das will ich jetzt nicht mehr.	Y	das	5	196,265	1.2196	51.1667	german_at_news_2012_00205379
24	Das hatte ich auch mal.	Y	das	5	196,265	1.2196	66.6	german_at_news_2012_00173714
25	Macht ihn das mehr zur Frau?	Y	das	5	196,265	1.2196	114.6667	german_at_news_2012_00661684
26	Es war in den 70er Jahren.	Y	den	6	174,864	1.0866	30.6667	german_at_news_2012_00470605
27	Und den gibt es jetzt auch.	Y	den	6	174,864	1.0866	35.5	german_at_news_2012_00871879
28	Das geht den anderen nicht so.	Y	den	6	174,864	1.0866	53.3333	german_at_news_2012_00170099
29	Wie geht es den Menschen jetzt?	Y	den	6	174,864	1.0866	61.6667	german_at_news_2012_00954862
30	Ob aus den beiden mehr wird?	Y	den	6	174,864	1.0866	78.5	german_at_news_2012_00737101
31	Sie sind auch mit dabei.	Y	mit	7	161,485	1.0035	36.8	german_at_news_2012_00812920
32	Nur: Geht das mit 23 Jahren?	Y	mit	7	161,485	1.0035	49.4	german_at_news_2012_00734562
33	Wie geht man mit so etwas um?	Y	mit	7	161,485	1.0035	57.8571	german_at_news_2012_00954891
34	Aber was soll ich mit diesen Millionen?	Y	mit	7	161,485	1.0035	76.1429	german_at_news_2012_00011118
35	Jetzt, mit 31 Jahren, kann alles andere kommen.	Y	mit	7	161,485	1.0035	107	german_at_news_2012_00624964
36	Nicht nur von der SPÖ.	Y	von	8	148,325	0.9217	41.6	german_at_news_2012_00724936
37	Selbst wenn es von mir ist.	Y	von	8	148,325	0.9217	60.3333	german_at_news_2012_00801003
38	Von allem viel zu viel.	Y	von	8	148,325	0.9217	67.75	german_at_news_2012_00906237
39	Da hat er dann von mir lassen.	Y	von	8	148,325	0.9217	77	german_at_news_2012_00140276
40	Das kommt ganz von selbst.	Y	von	8	148,325	0.9217	83.6	german_at_news_2012_00182173
41	Zu mehr sind sie nicht gut.	Y	zu	9	148,096	0.9203	42.5	german_at_news_2012_00988887
42	Es wurde ihr zu viel.	Y	zu	9	148,096	0.9203	59.2	german_at_news_2012_00472422
43	Von allem viel zu viel.	Y	zu	9	148,096	0.9203	67.75	german_at_news_2012_00906237
44	Es geht uns noch immer viel zu gut.	Y	zu	9	148,096	0.9203	76.375	german_at_news_2012_00456094
45	Schon 2020 könnte alles zu Ende sein.	Y	zu	9	148,096	0.9203	107.1667	german_at_news_2012_00784143
46	Und das ist sie auch.	Y	ist	10	144,867	0.9002	11.2	german_at_news_2012_00870642
47	Das ist jetzt nicht mehr so.	Y	ist	10	144,867	0.9002	34.6667	german_at_news_2012_00179126
48	Aber sie ist immer da.	Y	ist	10	144,867	0.9002	45.8	german_at_news_2012_00010084
49	Das ist ja gut so.	Y	ist	10	144,867	0.9002	60.4	german_at_news_2012_00179062
50	Alles ist gut, alles ist gut.	Y	ist	10	144,867	0.9002	94	german_at_news_2012_00026217
51	Das waren 6,3 Prozent mehr als im Jahr 2003.	Y	im	11	142,670	0.8865	52.2857	german_at_news_2012_00203768
52	Im Jahre 1940 waren es noch 7000.	Y	im	11	142,670	0.8865	58.4	german_at_news_2012_00573796
53	Im Jahr 2007 waren es noch 10,5 Millionen.	Y	im	11	142,670	0.8865	66.5	german_at_news_2012_00573573
54	Im Jahr 2030 werden sie mit 401.000 um 8%, im Jahr 2050 schließlich mit 418.000 um 13% mehr sein als 2010.	Y	im	11	142,670	0.8865	69.5	german_at_news_2012_00573712
55	Im Jahre 1917 waren es noch 2,5 Millionen Menschen.	Y	im	11	142,670	0.8865	76	german_at_news_2012_00573786
56	Wie ist das für Sie?	Y	für	12	134,430	0.8353	16.2	german_at_news_2012_00955743
57	Einer für alle, alle für einen!	Y	für	12	134,430	0.8353	46.5	german_at_news_2012_00412498
58	Was war sie für eine Frau?	Y	für	12	134,430	0.8353	60.8333	german_at_news_2012_00928687
59	Aber das war ja nicht gut für ihn.	Y	für	12	134,430	0.8353	69.375	german_at_news_2012_00004002
60	Das war für ihn nicht das erste Mal.	Y	für	12	134,430	0.8353	91.1429	german_at_news_2012_00204006
61	Aber ist das ein Leben?	Y	ein	13	122,103	0.7587	46	german_at_news_2012_00008076
62	Wir haben nur ein Leben und das ist hier und jetzt!	Y	ein	13	122,103	0.7587	52.7	german_at_news_2012_00966221
63	Das muss ein Ende haben.	Y	ein	13	122,103	0.7587	67.8	german_at_news_2012_00186397
64	Doch das hat nun ein Ende.	Y	ein	13	122,103	0.7587	68.8333	german_at_news_2012_00383550
65	Also ein bis zwei Jahre.	Y	ein	13	122,103	0.7587	88.8	german_at_news_2012_00033567
66	Man ist nicht mehr für sich.	Y	sich	14	118,745	0.7379	23.8333	german_at_news_2012_00665872
67	Er hatte es aber in sich.	Y	sich	14	118,745	0.7379	32.6667	german_at_news_2012_00437929
68	Wie geht sich das aus?	Y	sich	14	118,745	0.7379	38.2	german_at_news_2012_00954895
69	Es geht sich alles nicht mehr aus.	Y	sich	14	118,745	0.7379	55.1429	german_at_news_2012_00455797
70	Man macht sich nichts mehr vor.	Y	sich	14	118,745	0.7379	84.6667	german_at_news_2012_00667130
71	Von 2010 auf 2011 waren es 88 Prozent.	Y	auf	15	117,092	0.7276	45	german_at_news_2012_00906051
72	Er geht nicht auf Menschen zu.	Y	auf	15	117,092	0.7276	47.8333	german_at_news_2012_00435609
73	Auf einmal ist sie wieder da.	Y	auf	15	117,092	0.7276	58	german_at_news_2012_00077874
74	Dann kommt viel auf Sie zu.	Y	auf	15	117,092	0.7276	65.3333	german_at_news_2012_00153170
75	Und auf der anderen die FPÖ.	Y	auf	15	117,092	0.7276	67.3333	german_at_news_2012_00868195
76	Und das ist er nicht.	Y	nicht	16	116,445	0.7236	12.2	german_at_news_2012_00870546
77	So war es nicht immer.	Y	nicht	16	116,445	0.7236	38.4	german_at_news_2012_00832628
78	Auch da war ich nicht dabei.	Y	nicht	16	116,445	0.7236	50.6667	german_at_news_2012_00061603
79	Was es nicht alles gibt.	Y	nicht	16	116,445	0.7236	65	german_at_news_2012_00924861
80	Weiter kommen die beiden dabei nicht.	Y	nicht	16	116,445	0.7236	106.8333	german_at_news_2012_00933453
81	Und so ist es auch!	Y	es	17	112,463	0.6988	16.2	german_at_news_2012_00881744
82	Und die haben es gut.	Y	es	17	112,463	0.6988	38.2	german_at_news_2012_00873000
83	Es geht sich alles nicht mehr aus.	Y	es	17	112,463	0.6988	55.1429	german_at_news_2012_00455797
84	Es kann nur einen geben SPÖ.	Y	es	17	112,463	0.6988	73.6667	german_at_news_2012_00464407
85	Also geht es mir gut“.	Y	es	17	112,463	0.6988	116.2	german_at_news_2012_00033715
86	Und das ist sie auch.	Y	auch	18	111,088	0.6903	11.2	german_at_news_2012_00870642
87	Sie sind auch mit dabei.	Y	auch	18	111,088	0.6903	36.8	german_at_news_2012_00812920
88	Auch da war ich nicht dabei.	Y	auch	18	111,088	0.6903	50.6667	german_at_news_2012_00061603
89	Das sind ja auch Menschen.	Y	auch	18	111,088	0.6903	61	german_at_news_2012_00196090
90	Auch so geht das Leben also weiter.	Y	auch	18	111,088	0.6903	95	german_at_news_2012_00071486
91	Und immer wieder Das Eine?	Y	eine	19	101,642	0.6316	34.6	german_at_news_2012_00877612
92	Was war das für eine Zeit!	Y	eine	19	101,642	0.6316	46.6667	german_at_news_2012_00928568
93	Auch sie hat eine Würde.“	Y	eine	19	101,642	0.6316	54.8	german_at_news_2012_00071382
94	“Ja, die eine oder andere.	Y	eine	19	101,642	0.6316	77	german_at_news_2012_00617488
95	Gibt es eine andere Frau?	Y	eine	19	101,642	0.6316	98.4	german_at_news_2012_00515593
96	Und das ist sie auch.	Y	sie	20	 96,164	0.5976	11.2	german_at_news_2012_00870642
97	Oder werden Sie noch einer?	Y	sie	20	 96,164	0.5976	36.6	german_at_news_2012_00742245
98	Oder sie steht vor dem Aus.	Y	sie	20	 96,164	0.5976	55.8333	german_at_news_2012_00741931
99	Sie waren doch nicht dabei.	Y	sie	20	 96,164	0.5976	68.8	german_at_news_2012_00815850
100	Sie kommen ja selbst vom Land?	Y	sie	20	 96,164	0.5976	116	german_at_news_2012_00809780
101	Wäre das das Ende des Euro?	Y	des	21	 95,231	0.5918	86	german_at_news_2012_00920562
102	Ist das nicht zu viel des Guten?	Y	des	21	 95,231	0.5918	107.8571	german_at_news_2012_00615698
103	Heute könnte es des Guten zu viel werden.	Y	des	21	 95,231	0.5918	133.5	german_at_news_2012_00536119
104	Die Bilder des Jahres 2005: Was für ein Jahr!	Y	des	21	 95,231	0.5918	138.875	german_at_news_2012_00288139
105	Im Juli des vergangenen Jahres waren es noch 52 Prozent.	Y	des	21	 95,231	0.5918	141.8889	german_at_news_2012_00574106
106	Aus dem Es wird man zum Ich.	Y	dem	22	 88,925	0.5526	32.5714	german_at_news_2012_00081500
107	Aus dem Euro oder aus der EU?	Y	dem	22	 88,925	0.5526	46.8333	german_at_news_2012_00081502
108	Das sind um zwei Millionen mehr als unter dem Jahr.	Y	dem	22	 88,925	0.5526	54.8	german_at_news_2012_00196289
109	Aus dem, was rund um mich ist.	Y	dem	22	 88,925	0.5526	61.1429	german_at_news_2012_00081696
110	Doch eines nach dem anderen.	Y	dem	22	 88,925	0.5526	82	german_at_news_2012_00385255
111	Und mehr als vom 911er.	Y	als	23	 82,110	0.5102	36.6	german_at_news_2012_00879058
112	Das sind um zwei Millionen mehr als unter dem Jahr.	Y	als	23	 82,110	0.5102	54.8	german_at_news_2012_00196289
113	Aber nicht mehr als einmal.	Y	als	23	 82,110	0.5102	56	german_at_news_2012_00009231
114	Das macht er seit mehr als zwei Jahren.	Y	als	23	 82,110	0.5102	69	german_at_news_2012_00184892
115	Ihr geht es alles andere als gut.	Y	als	23	 82,110	0.5102	100.1429	german_at_news_2012_00565694
116	Das geht doch nicht an.“	Y	an	24	 71,016	0.4413	49.6	german_at_news_2012_00170105
117	Geht das schon wieder an.	Y	an	24	 71,016	0.4413	54	german_at_news_2012_00506982
118	Und es geht Sie nichts an!	Y	an	24	 71,016	0.4413	56.1667	german_at_news_2012_00875405
119	Nun wäre es an der Zeit.	Y	an	24	 71,016	0.4413	74.1667	german_at_news_2012_00732542
120	Mich geht das nichts an.	Y	an	24	 71,016	0.4413	90.2	german_at_news_2012_00680142
121	Bei uns ist das so.	Y	bei	25	 68,995	0.4287	38.8	german_at_news_2012_00106078
122	Bei mir ist das so.	Y	bei	25	 68,995	0.4287	45	german_at_news_2012_00103343
123	Aber bei uns geht das nicht.	Y	bei	25	 68,995	0.4287	52.1667	german_at_news_2012_00002920
124	Es gibt auch bei der anderen nichts.	Y	bei	25	 68,995	0.4287	65.2857	german_at_news_2012_00456475
125	Ich hatte nichts bei mir.	Y	bei	25	 68,995	0.4287	94.8	german_at_news_2012_00555459
126	Das wird auch noch werden!	Y	werden	26	 68,742	0.4272	24.8	german_at_news_2012_00205470
127	UND wir werden immer mehr.	Y	werden	26	 68,742	0.4272	42	german_at_news_2012_00885657
128	Und es sollen noch mehr werden.	Y	werden	26	 68,742	0.4272	52.8333	german_at_news_2012_00875743
129	Wir werden ALLE dabei sein.	Y	werden	26	 68,742	0.4272	65	german_at_news_2012_00971883
130	Wir werden selbst damit leben müssen.	Y	werden	26	 68,742	0.4272	99.8333	german_at_news_2012_00972294
131	Und das ist er nicht.	Y	er	27	 67,886	0.4218	12.2	german_at_news_2012_00870546
132	Und mehr als vom 911er.	Y	er	27	 67,886	0.4218	36.6	german_at_news_2012_00879058
133	Das waren die 70er-Jahre.	Y	er	27	 67,886	0.4218	50.8	german_at_news_2012_00203795
134	Aber wer, wenn nicht er?	Y	er	27	 67,886	0.4218	61.6	german_at_news_2012_00011629
135	Er hat seine Frau dabei.	Y	er	27	 67,886	0.4218	87.2	german_at_news_2012_00437617
136	Nicht, dass er das so sagt.	Y	dass	28	 67,611	0.4201	54	german_at_news_2012_00723336
137	Aber er weiß, dass er das nicht können wird.	Y	dass	28	 67,611	0.4201	65.25	german_at_news_2012_00005754
138	Aber einmal so und einmal so,dass sollte es nicht geben.	Y	dass	28	 67,611	0.4201	66.6667	german_at_news_2012_00005485
139	Dass muss ein Ende haben.“	Y	dass	28	 67,611	0.4201	72.4	german_at_news_2012_00196836
140	Ja, es muss so gewesen sein, dass er dabei war.	Y	dass	28	 67,611	0.4201	79.8	german_at_news_2012_00617592
141	Am 23. oder 24. 4. kommt er wieder.	Y	am	29	 62,824	0.3904	68.4	german_at_news_2012_00038440
142	Ich war wieder am Leben.	Y	am	29	 62,824	0.3904	69.2	german_at_news_2012_00560676
143	Sie ist das erste Mal am 27.8.	Y	am	29	 62,824	0.3904	73.3333	german_at_news_2012_00808777
144	Dann ist das nur mehr eine Frage der Zeit, bis wir am Ziel sind.	Y	am	29	 62,824	0.3904	75.9286	german_at_news_2012_00152808
145	Es ist nur mehr eine Frage der Zeit, bis wir am Ziel sind.	Y	am	29	 62,824	0.3904	77.4615	german_at_news_2012_00463120
146	Die hat sie aber nicht.	Y	hat	30	 60,978	0.3789	21.2	german_at_news_2012_00311403
147	Doch, doch, das hat was.	Y	hat	30	 60,978	0.3789	49.25	german_at_news_2012_00385160
148	Dieses „Was hat er, was ich nicht habe?“	Y	hat	30	 60,978	0.3789	55	german_at_news_2012_00355611
149	Doch das hat nun ein Ende.	Y	hat	30	 60,978	0.3789	68.8333	german_at_news_2012_00383550
150	Er hat seine Frau dabei.	Y	hat	30	 60,978	0.3789	87.2	german_at_news_2012_00437617
151	Das ist so und aus.	Y	aus	31	 60,502	0.376	16.4	german_at_news_2012_00180080
152	Das geben Sie aus, und mehr ist nicht.	Y	aus	31	 60,502	0.376	34.25	german_at_news_2012_00169580
153	Steht der Euro vor dem Aus?	Y	aus	31	 60,502	0.376	54.1667	german_at_news_2012_00841838
154	Oder sie steht vor dem Aus.	Y	aus	31	 60,502	0.376	55.8333	german_at_news_2012_00741931
155	Ob aus den beiden mehr wird?	Y	aus	31	 60,502	0.376	78.5	german_at_news_2012_00737101
156	Das wird auch noch werden!	Y	wird	32	 59,358	0.3688	24.8	german_at_news_2012_00205470
157	Er kann es, und er wird es können.	Y	wird	32	 59,358	0.3688	35.6667	german_at_news_2012_00440131
158	Die wird es nicht geben.	Y	wird	32	 59,358	0.3688	40.8	german_at_news_2012_00377873
159	Es wird aber nicht mehr geben.	Y	wird	32	 59,358	0.3688	48.8333	german_at_news_2012_00471421
160	Ob aus den beiden mehr wird?	Y	wird	32	 59,358	0.3688	78.5	german_at_news_2012_00737101
161	Und so ist es auch!	Y	so	33	 57,625	0.3581	16.2	german_at_news_2012_00881744
162	Jetzt ist es aber so.	Y	so	33	 57,625	0.3581	38.4	german_at_news_2012_00624444
163	Denn das war nicht immer so.	Y	so	33	 57,625	0.3581	49.5	german_at_news_2012_00218880
164	Das geht so nicht weiter.	Y	so	33	 57,625	0.3581	63.4	german_at_news_2012_00170199
165	Ja, so soll’s sein.	Y	so	33	 57,625	0.3581	97	german_at_news_2012_00618813
166	Wie ist das für Sie?	Y	wie	34	 57,049	0.3545	16.2	german_at_news_2012_00955743
167	Wie geht sich das aus?	Y	wie	34	 57,049	0.3545	38.2	german_at_news_2012_00954895
168	Ist doch einer, wie der Andere!	Y	wie	34	 57,049	0.3545	60.8333	german_at_news_2012_00616071
169	Wie geht ihr damit um?	Y	wie	34	 57,049	0.3545	73.2	german_at_news_2012_00954885
170	Es kommt, wie's will.	Y	wie	34	 57,049	0.3545	101.2	german_at_news_2012_00464685
171	Das geht auch noch nach 22 Uhr.	Y	nach	35	 55,938	0.3476	54.5	german_at_news_2012_00169977
172	Nicht wenn es nach ihr geht.	Y	nach	35	 55,938	0.3476	55.8333	german_at_news_2012_00725837
173	Und nach fünf Jahren sind es immer noch 73 Prozent.	Y	nach	35	 55,938	0.3476	64.6667	german_at_news_2012_00879465
174	Es ist etwas nach 22.00 Uhr.	Y	nach	35	 55,938	0.3476	65.4	german_at_news_2012_00461901
175	Also gehen wir dem auch nicht nach.“	Y	nach	35	 55,938	0.3476	80	german_at_news_2012_00033710
176	Ich habe das so nicht.	Y	ich	36	 55,604	0.3455	31.4	german_at_news_2012_00552678
177	Ich will wie sie sein.	Y	ich	36	 55,604	0.3455	50.4	german_at_news_2012_00561953
178	Heute war ich wieder bei ihr.	Y	ich	36	 55,604	0.3455	64.6667	german_at_news_2012_00536822
179	Aber was soll ich mit diesen Millionen?	Y	ich	36	 55,604	0.3455	76.1429	german_at_news_2012_00011118
180	Ja, ich würde das wieder machen.	Y	ich	36	 55,604	0.3455	96	german_at_news_2012_00618151
181	Sind sie oder sind sie nicht?	Y	sind	37	 54,882	0.341	31.25	german_at_news_2012_00818891
182	Die Menschen sind, was sie sind.	Y	sind	37	 54,882	0.341	47.4	german_at_news_2012_00326491
183	Das sind ja auch Menschen.	Y	sind	37	 54,882	0.341	61	german_at_news_2012_00196090
184	Ob das bereits die Neuen sind?	Y	sind	37	 54,882	0.341	68.8333	german_at_news_2012_00737290
185	Ja, wo sind wir denn hier?	Y	sind	37	 54,882	0.341	98.8333	german_at_news_2012_00618972
186	So geht man mit Menschen nicht um.	Y	um	38	 54,095	0.3361	50.5714	german_at_news_2012_00823048
187	Aus dem, was rund um mich ist.	Y	um	38	 54,095	0.3361	61.1429	german_at_news_2012_00081696
188	Mir geht es nur um die Menschen.	Y	um	38	 54,095	0.3361	67.8571	german_at_news_2012_00681746
189	Dabei geht es um 524 Millionen Euro.	Y	um	38	 54,095	0.3361	75.1667	german_at_news_2012_00131933
190	Hier geht’s ja um Menschen.	Y	um	38	 54,095	0.3361	111	german_at_news_2012_00538246
191	Das ist sie aber nicht.	Y	aber	39	 51,497	0.32	18	german_at_news_2012_00180042
192	Aber auch das ist noch nicht alles.	Y	aber	39	 51,497	0.32	40.1429	german_at_news_2012_00001931
193	Aber es geht sich gut aus.	Y	aber	39	 51,497	0.32	55	german_at_news_2012_00005863
194	Aber was macht das schon.	Y	aber	39	 51,497	0.32	74.2	german_at_news_2012_00011085
195	Aber Ende gut, alles gut.	Y	aber	39	 51,497	0.32	120.25	german_at_news_2012_00005529
196	Man ist nicht mehr für sich.	Y	man	40	 47,088	0.2926	23.8333	german_at_news_2012_00665872
197	Wie soll man das machen?	Y	man	40	 47,088	0.2926	61.2	german_at_news_2012_00959558
198	Wie macht man so was?	Y	man	40	 47,088	0.2926	73.8	german_at_news_2012_00956585
199	Was soll man da machen?	Y	man	40	 47,088	0.2926	83.2	german_at_news_2012_00928105
200	Man muss ihm Zeit lassen.	Y	man	40	 47,088	0.2926	122.2	german_at_news_2012_00667648
201	Aber das habe ich nicht vor.	Y	vor	41	 46,191	0.287	34	german_at_news_2012_00003439
202	Steht der Euro vor dem Aus?	Y	vor	41	 46,191	0.287	54.1667	german_at_news_2012_00841838
203	Das war vor etwa 100 Jahren.	Y	vor	41	 46,191	0.287	63.2	german_at_news_2012_00204427
204	Vor allem in der Stadt.	Y	vor	41	 46,191	0.287	76.8	german_at_news_2012_00911672
205	Das erste Mal vor drei Jahren.	Y	vor	41	 46,191	0.287	102	german_at_news_2012_00167283
206	Oder werden Sie noch einer?	Y	einer	42	 46,061	0.2862	36.6	german_at_news_2012_00742245
207	Einer für alle, alle für einen!	Y	einer	42	 46,061	0.2862	46.5	german_at_news_2012_00412498
208	Ist doch einer, wie der Andere!	Y	einer	42	 46,061	0.2862	60.8333	german_at_news_2012_00616071
209	Aber so einer bin ich nicht.	Y	einer	42	 46,061	0.2862	62.3333	german_at_news_2012_00010246
210	Damit ist er einer der letzten.	Y	einer	42	 46,061	0.2862	62.6667	german_at_news_2012_00146003
211	Das wird auch noch werden!	Y	noch	43	 45,852	0.2849	24.8	german_at_news_2012_00205470
212	Und er hat noch viel vor.	Y	noch	43	 45,852	0.2849	43.1667	german_at_news_2012_00874989
213	Und dann war ich auch noch eine Frau.	Y	noch	43	 45,852	0.2849	54.375	german_at_news_2012_00869791
214	Was soll ich noch machen?	Y	noch	43	 45,852	0.2849	74.4	german_at_news_2012_00928082
215	Aber einmal geht's noch!	Y	noch	43	 45,852	0.2849	104.8	german_at_news_2012_00005482
216	Einer für alle, alle für einen!	Y	einen	44	 45,028	0.2798	46.5	german_at_news_2012_00412498
217	In Wien gibt es noch genau einen, der das kann.	Y	einen	44	 45,028	0.2798	64.5	german_at_news_2012_00613023
218	Ist es auch, auf der einen Seite.	Y	einen	44	 45,028	0.2798	68	german_at_news_2012_00616219
219	Es kann nur einen geben SPÖ.	Y	einen	44	 45,028	0.2798	73.6667	german_at_news_2012_00464407
220	Oder hatten wir nicht schon so einen?	Y	einen	44	 45,028	0.2798	77.4286	german_at_news_2012_00741490
221	“Vor allem über das Wie.	Y	über	45	 43,752	0.2719	52.8	german_at_news_2012_00912005
222	Seit 2005 leben in Österreich mehr Menschen über als unter 40 Jahren.	Y	über	45	 43,752	0.2719	70.3	german_at_news_2012_00795824
223	Dies ist über 30 Jahre aus.	Y	über	45	 43,752	0.2719	80.4	german_at_news_2012_00358751
224	NEWS: In 30 Jahren wird es in Österreich mehr Über-75-Jährige als Unter-15-Jährige geben.	Y	über	45	 43,752	0.2719	82.5833	german_at_news_2012_00721849
225	Was er über sie sagen kann?	Y	über	45	 43,752	0.2719	90.1667	german_at_news_2012_00924798
226	Was ist in einem Jahr?	Y	einem	46	 42,525	0.2642	43.4	german_at_news_2012_00926350
227	Und das mit einem Mann.	Y	einem	46	 42,525	0.2642	55.6	german_at_news_2012_00870803
228	Was geht da in einem vor?	Y	einem	46	 42,525	0.2642	57.8333	german_at_news_2012_00925154
229	Vor einem Jahr waren es noch 28,4 Prozent.	Y	einem	46	 42,525	0.2642	60.4286	german_at_news_2012_00913655
230	Das war erst vor einem Jahr.	Y	einem	46	 42,525	0.2642	65.3333	german_at_news_2012_00203911
231	Nur in Wien gibt es die noch nicht.	Y	nur	47	 42,491	0.264	34.25	german_at_news_2012_00734860
232	Nur: Geht das mit 23 Jahren?	Y	nur	47	 42,491	0.264	49.4	german_at_news_2012_00734562
233	Heute sind es nur noch rund 50 Prozent.	Y	nur	47	 42,491	0.264	62.7143	german_at_news_2012_00536523
234	Nicht nur für ihn selbst.	Y	nur	47	 42,491	0.264	74.2	german_at_news_2012_00724663
235	Wir müssen ihn nur machen.	Y	nur	47	 42,491	0.264	116.4	german_at_news_2012_00968549
236	Und Sie haben es nicht.	Y	haben	48	 41,882	0.2603	20.8	german_at_news_2012_00881233
237	Wir haben den Euro und werden den Euro auch weiter haben.	Y	haben	48	 41,882	0.2603	46.25	german_at_news_2012_00965076
238	Er soll schon eine Neue haben!	Y	haben	48	 41,882	0.2603	56	german_at_news_2012_00444543
239	So viel Zeit haben wir nicht.	Y	haben	48	 41,882	0.2603	65.6667	german_at_news_2012_00832456
240	Die beiden haben zwei Kinder und leben in Wien.	Y	haben	48	 41,882	0.2603	83.2222	german_at_news_2012_00285016
241	Und so war es auch.	Y	war	49	 40,509	0.2517	24	german_at_news_2012_00882045
242	Und das war die SPÖ.	Y	war	49	 40,509	0.2517	38.6	german_at_news_2012_00871505
243	Nichts ist mehr so, wie es war.	Y	war	49	 40,509	0.2517	51.4286	german_at_news_2012_00725326
244	Zu mehr war keine Zeit.”	Y	war	49	 40,509	0.2517	64.6	german_at_news_2012_00988889
245	Das war für ihn nicht das erste Mal.	Y	war	49	 40,509	0.2517	91.1429	german_at_news_2012_00204006
246	Aus dem Es wird man zum Ich.	Y	zum	50	 39,998	0.2485	32.5714	german_at_news_2012_00081500
247	Und das nicht zum ersten Mal.	Y	zum	50	 39,998	0.2485	63	german_at_news_2012_00870878
248	Es kommt und geht von einem zum anderen.	Y	zum	50	 39,998	0.2485	68.625	german_at_news_2012_00464675
249	Österreich ist das Land zum Leben!	Y	zum	50	 39,998	0.2485	77.5	german_at_news_2012_00749618
250	Und das soll zum Wohl der Kinder sein?	Y	zum	50	 39,998	0.2485	81.625	german_at_news_2012_00871351
251	Man ist nicht mehr für sich.	Y	mehr	51	 38,209	0.2374	23.8333	german_at_news_2012_00665872
252	Jetzt werden es noch mehr!	Y	mehr	51	 38,209	0.2374	46	german_at_news_2012_00625970
253	In diesem Jahr werden es viel mehr sein.	Y	mehr	51	 38,209	0.2374	60.375	german_at_news_2012_00595590
254	Kinder werden auch keine mehr.	Y	mehr	51	 38,209	0.2374	73.6	german_at_news_2012_00636777
255	Macht ihn das mehr zur Frau?	Y	mehr	51	 38,209	0.2374	114.6667	german_at_news_2012_00661684
256	Sind sie oder sind sie nicht?	Y	oder	52	 37,116	0.2306	31.25	german_at_news_2012_00818891
257	Oder werden Sie noch einer?	Y	oder	52	 37,116	0.2306	36.6	german_at_news_2012_00742245
258	Wir sind doch noch in Österreich oder etwa nicht?	Y	oder	52	 37,116	0.2306	56.1111	german_at_news_2012_00969727
259	Ob sie will oder nicht.	Y	oder	52	 37,116	0.2306	71	german_at_news_2012_00739553
260	Ob mit oder ohne uns.	Y	oder	52	 37,116	0.2306	97.2	german_at_news_2012_00739236
261	Aber das haben wir noch nicht.	Y	wir	53	 36,298	0.2256	34	german_at_news_2012_00003447
262	Wir sind doch noch in Österreich oder etwa nicht?	Y	wir	53	 36,298	0.2256	56.1111	german_at_news_2012_00969727
263	Wir sind alle nur Menschen.	Y	wir	53	 36,298	0.2256	67.6	german_at_news_2012_00969457
264	Da waren wir immer gut.	Y	wir	53	 36,298	0.2256	89	german_at_news_2012_00208753
265	Müssen wir mal was machen.‘	Y	wir	53	 36,298	0.2256	120	german_at_news_2012_00701301
266	Es wurde ihr zu viel.	Y	wurde	54	 33,516	0.2083	59.2	german_at_news_2012_00472422
267	Wurde auch Zeit, dass die Polizei das auch so sieht!	Y	wurde	54	 33,516	0.2083	94.2222	german_at_news_2012_00977421
268	Aber das musste sein, damit aus mir wurde, was ich bin.	Y	wurde	54	 33,516	0.2083	100.5455	german_at_news_2012_00003779
269	Das wurde nach zehn Jahren auch wirklich Zeit.	Y	wurde	54	 33,516	0.2083	106.875	german_at_news_2012_00206443
270	Nach dem großen Tag wurde es nicht besser.	Y	wurde	54	 33,516	0.2083	113	german_at_news_2012_00704329
271	Das war es schon bis 1945 nicht.	Y	bis	55	 33,000	0.2051	34.5	german_at_news_2012_00203940
272	Und das ist bis heute so.	Y	bis	55	 33,000	0.2051	35.6667	german_at_news_2012_00870489
273	Und er ist es bis heute.	Y	bis	55	 33,000	0.2051	36.6667	german_at_news_2012_00875041
274	So war es bis jetzt.	Y	bis	55	 33,000	0.2051	49.4	german_at_news_2012_00832615
275	Und also leben sie hier bis heute.	Y	bis	55	 33,000	0.2051	89.1429	german_at_news_2012_00867180
276	Das wird sie auch 2012 sein.”	Y	sein	56	 32,072	0.1993	26.2	german_at_news_2012_00205746
277	Es war immer so, und es wird immer so sein.	Y	sein	56	 32,072	0.1993	38.1429	german_at_news_2012_00470597
278	Und das wird nicht das Ende sein.	Y	sein	56	 32,072	0.1993	47	german_at_news_2012_00871600
279	Das kann ja dann doch nicht sein, oder?	Y	sein	56	 32,072	0.1993	60.75	german_at_news_2012_00181240
280	Schon 2020 könnte alles zu Ende sein.	Y	sein	56	 32,072	0.1993	107.1667	german_at_news_2012_00784143
281	Wie ist das bei Ihnen auf dem Weg zur Arbeit?	Y	zur	57	 30,732	0.191	91.1	german_at_news_2012_00955739
282	Ein Ja zur EU kann kein Ja zu dieser Politik sein.	Y	zur	57	 30,732	0.191	97.9	german_at_news_2012_00420122
283	Es ist aber auch die Frage, wie viel Geld man zur Verfügung hat.	Y	zur	57	 30,732	0.191	103.3846	german_at_news_2012_00459932
284	Mehr gibt’s zur Zeit nicht zu sagen.	Y	zur	57	 30,732	0.191	105.5	german_at_news_2012_00674857
285	Es hält sich zur Zeit nicht so gut.	Y	zur	57	 30,732	0.191	109.75	german_at_news_2012_00458858
286	Aber da muss man durch.	Y	durch	58	 30,549	0.1898	64.6	german_at_news_2012_00003176
287	Aber da müssen wir durch.	Y	durch	58	 30,549	0.1898	77.6	german_at_news_2012_00003174
288	Was sie heute wollen, bringen Sie auch durch.	Y	durch	58	 30,549	0.1898	116.1429	german_at_news_2012_00927853
289	Dieses Problem hatte die ÖVP weniger durch die Zeit von 1934 bis 1938.	Y	durch	58	 30,549	0.1898	138.7	german_at_news_2012_00354807
290	Was geht Ihnen durch den Kopf, wenn Sie die sehen?	Y	durch	58	 30,549	0.1898	139.8	german_at_news_2012_00925160
291	Und wenn es nur eines ist.	Y	wenn	59	 27,914	0.1735	40	german_at_news_2012_00884301
292	Nicht wenn es nach ihr geht.	Y	wenn	59	 27,914	0.1735	55.8333	german_at_news_2012_00725837
293	Wenn sie ihn haben, dann ist das gut.	Y	wenn	59	 27,914	0.1735	64	german_at_news_2012_00943898
294	Nicht, wenn man Kinder hat.	Y	wenn	59	 27,914	0.1735	66.6	german_at_news_2012_00725838
295	Aber was soll man machen, wenn man nichts hat.	Y	wenn	59	 27,914	0.1735	78.375	german_at_news_2012_00011124
296	Wir haben den Euro und werden den Euro auch weiter haben.	Y	euro	60	 27,622	0.1716	46.25	german_at_news_2012_00965076
297	Aus dem Euro oder aus der EU?	Y	euro	60	 27,622	0.1716	46.8333	german_at_news_2012_00081502
298	Steht der Euro vor dem Aus?	Y	euro	60	 27,622	0.1716	54.1667	german_at_news_2012_00841838
299	Es geht um 20 Millionen Euro.	Y	euro	60	 27,622	0.1716	69.8	german_at_news_2012_00455806
300	Wäre das das Ende des Euro?	Y	euro	60	 27,622	0.1716	86	german_at_news_2012_00920562
301	Das kann es nicht sein.“	Y	kann	61	 27,234	0.1692	31	german_at_news_2012_00181176
302	Doch das kann sie nicht.	Y	kann	61	 27,234	0.1692	39.6	german_at_news_2012_00383640
303	Das kann ja dann doch nicht sein, oder?	Y	kann	61	 27,234	0.1692	60.75	german_at_news_2012_00181240
304	Aber damit kann ich leben.	Y	kann	61	 27,234	0.1692	77	german_at_news_2012_00003159
305	Jetzt, mit 31 Jahren, kann alles andere kommen.	Y	kann	61	 27,234	0.1692	107	german_at_news_2012_00624964
306	Sei es wie es sei.	Y	sei	62	 26,564	0.1651	37.6667	german_at_news_2012_00790780
307	Doch das sei nicht alles.	Y	sei	62	 26,564	0.1651	65.8	german_at_news_2012_00383736
308	Die sei „in Österreich aber nicht möglich“.	Y	sei	62	 26,564	0.1651	66.8571	german_at_news_2012_00347280
309	Das sei hier nicht der Fall.	Y	sei	62	 26,564	0.1651	75.5	german_at_news_2012_00194032
310	Es sei aber noch mehr möglich.	Y	sei	62	 26,564	0.1651	82.3333	german_at_news_2012_00466418
311	Diese Zeit habe ich heute nicht mehr.	Y	diese	63	 26,193	0.1628	67.1429	german_at_news_2012_00357289
312	Und diese gab es immer wieder.	Y	diese	63	 26,193	0.1628	72.6667	german_at_news_2012_00873527
313	Diese Woche hatte es in sich.	Y	diese	63	 26,193	0.1628	78.5	german_at_news_2012_00356957
314	Wir sind nicht gegen Europa, aber wir sind gegen diese EU.	Y	diese	63	 26,193	0.1628	80.375	german_at_news_2012_00970149
315	Und diese kommt nicht nur aus Deutschland.	Y	diese	63	 26,193	0.1628	86.5714	german_at_news_2012_00873568
316	Und wie ist das in Österreich?	Y	österreich	64	 24,235	0.1506	20	german_at_news_2012_00885192
317	Wie ist das denn mit Österreich?	Y	österreich	64	 24,235	0.1506	39.5	german_at_news_2012_00955741
318	So etwas gibt es nur noch in Österreich.	Y	österreich	64	 24,235	0.1506	53.75	german_at_news_2012_00821945
319	ÖSTERREICH: Wer sind denn „die“?	Y	österreich	64	 24,235	0.1506	77.2	german_at_news_2012_00751531
320	Denn wir leben in Österreich.	Y	österreich	64	 24,235	0.1506	80.2	german_at_news_2012_00224681
321	Aber das ist es schon.	Y	schon	65	 24,056	0.1495	27.2	german_at_news_2012_00003552
322	Aber das ist auch schon alles.	Y	schon	65	 24,056	0.1495	47.8333	german_at_news_2012_00003505
323	Er soll schon eine Neue haben!	Y	schon	65	 24,056	0.1495	56	german_at_news_2012_00444543
324	Aber was macht das schon.	Y	schon	65	 24,056	0.1495	74.2	german_at_news_2012_00011085
325	Schon 2020 könnte alles zu Ende sein.	Y	schon	65	 24,056	0.1495	107.1667	german_at_news_2012_00784143
326	Was kann es, und was nicht?	Y	was	66	 24,047	0.1494	32.6	german_at_news_2012_00926556
327	Aber was ist mit SPÖ und ÖVP?	Y	was	66	 24,047	0.1494	57.2857	german_at_news_2012_00011065
328	Aber: Kann ich da was dafür?	Y	was	66	 24,047	0.1494	73.6667	german_at_news_2012_00008288
329	Was soll ich jetzt machen?	Y	was	66	 24,047	0.1494	84.4	german_at_news_2012_00928079
330	Müssen wir mal was machen.‘	Y	was	66	 24,047	0.1494	120	german_at_news_2012_00701301
331	Ich habe das so nicht.	Y	habe	67	 23,906	0.1486	31.4	german_at_news_2012_00552678
332	Aber das habe ich nicht vor.	Y	habe	67	 23,906	0.1486	34	german_at_news_2012_00003439
333	Dieses „Was hat er, was ich nicht habe?“	Y	habe	67	 23,906	0.1486	55	german_at_news_2012_00355611
334	Diese Zeit habe ich heute nicht mehr.	Y	habe	67	 23,906	0.1486	67.1429	german_at_news_2012_00357289
335	Ich habe nicht viel Zeit.	Y	habe	67	 23,906	0.1486	72.6	german_at_news_2012_00554207
336	Und das wird dann auch so sein.	Y	dann	68	 22,376	0.139	30.7143	german_at_news_2012_00871586
337	Und dann war ich auch noch eine Frau.	Y	dann	68	 22,376	0.139	54.375	german_at_news_2012_00869791
338	Dann sind wir wieder gut.	Y	dann	68	 22,376	0.139	69.8	german_at_news_2012_00153867
339	Und dann geht´s nicht mehr gut.	Y	dann	68	 22,376	0.139	78.7143	german_at_news_2012_00869441
340	Was wollen Sie denn dann?	Y	dann	68	 22,376	0.139	91.4	german_at_news_2012_00928960
341	Und immer wieder Das Eine?	Y	wieder	69	 22,368	0.139	34.6	german_at_news_2012_00877612
342	Nun ist sie wieder da.	Y	wieder	69	 22,368	0.139	56.2	german_at_news_2012_00731601
343	Doch jetzt ist sie wieder da.	Y	wieder	69	 22,368	0.139	61.8333	german_at_news_2012_00386439
344	Dann sind wir wieder gut.	Y	wieder	69	 22,368	0.139	69.8	german_at_news_2012_00153867
345	Wieder einmal geht die Welt unter.	Y	wieder	69	 22,368	0.139	97	german_at_news_2012_00952981
346	Nur in Wien gibt es die noch nicht.	Y	wien	70	 22,149	0.1376	34.25	german_at_news_2012_00734860
347	Der würde das aber auch in Wien mit der SPÖ können.	Y	wien	70	 22,149	0.1376	54.1	german_at_news_2012_00268439
348	In der Stadt Wien sind es 49,2 Prozent.	Y	wien	70	 22,149	0.1376	57.5714	german_at_news_2012_00593574
349	In Wien gibt es noch genau einen, der das kann.	Y	wien	70	 22,149	0.1376	64.5	german_at_news_2012_00613023
350	Ist das in Wien bereits ein Thema?	Y	wien	70	 22,149	0.1376	67.2857	german_at_news_2012_00615604
351	Jetzt hat er alle gegen sich.	Y	gegen	71	 20,770	0.1291	53.8333	german_at_news_2012_00624051
352	Gegen das, was jetzt, was jetzt …!“	Y	gegen	71	 20,770	0.1291	58.75	german_at_news_2012_00505488
353	Weil es gegen die SPÖ geht.	Y	gegen	71	 20,770	0.1291	76.8333	german_at_news_2012_00931078
354	Weiter mit vier gegen vier!	Y	gegen	71	 20,770	0.1291	106.5	german_at_news_2012_00933469
355	Es geht weiter - vier gegen vier.	Y	gegen	71	 20,770	0.1291	108.6	german_at_news_2012_00456122
356	Das sind um zwei Millionen mehr als unter dem Jahr.	Y	unter	72	 20,677	0.1285	54.8	german_at_news_2012_00196289
357	Seit 2005 leben in Österreich mehr Menschen über als unter 40 Jahren.	Y	unter	72	 20,677	0.1285	70.3	german_at_news_2012_00795824
358	Das würde es unter uns nicht geben.	Y	unter	72	 20,677	0.1285	79.4286	german_at_news_2012_00206370
359	NEWS: In 30 Jahren wird es in Österreich mehr Über-75-Jährige als Unter-15-Jährige geben.	Y	unter	72	 20,677	0.1285	82.5833	german_at_news_2012_00721849
360	Wieder einmal geht die Welt unter.	Y	unter	72	 20,677	0.1285	97	german_at_news_2012_00952981
361	Wie war das für Sie und Ihre Familie?	Y	ihre	73	 20,590	0.1279	63.625	german_at_news_2012_00960563
362	Wie lange geben Sie sich für Ihre Arbeit Zeit?	Y	ihre	73	 20,590	0.1279	109	german_at_news_2012_00956409
363	Aber damit war ihre Kunst auch schon zu Ende.	Y	ihre	73	 20,590	0.1279	113.8889	german_at_news_2012_00003171
364	Sie alle haben ihre Geschichte.	Y	ihre	73	 20,590	0.1279	117.8	german_at_news_2012_00803164
365	Alles im Leben hat seine Zeit, und jede Zeit hat ihre Menschen.	Y	ihre	73	 20,590	0.1279	125.2	german_at_news_2012_00026083
366	Er kann es, und er wird es können.	Y	können	74	 20,247	0.1258	35.6667	german_at_news_2012_00440131
367	Der würde das aber auch in Wien mit der SPÖ können.	Y	können	74	 20,247	0.1258	54.1	german_at_news_2012_00268439
368	Und was andere Menschen können, kann er auch.	Y	können	74	 20,247	0.1258	67.875	german_at_news_2012_00883228
369	Was muss er können, was muss er machen?	Y	können	74	 20,247	0.1258	83.4	german_at_news_2012_00927163
370	Wir können alle nichts dafür!	Y	können	74	 20,247	0.1258	107.6	german_at_news_2012_00967458
371	Das sind um 20 Prozent mehr als 2011.	Y	prozent	75	 20,120	0.125	38.1667	german_at_news_2012_00196263
372	Von 2010 auf 2011 waren es 88 Prozent.	Y	prozent	75	 20,120	0.125	45	german_at_news_2012_00906051
373	Das waren 6,3 Prozent mehr als im Jahr 2003.	Y	prozent	75	 20,120	0.125	52.2857	german_at_news_2012_00203768
374	Heute sind es nur mehr 0,25 Prozent.	Y	prozent	75	 20,120	0.125	55.8333	german_at_news_2012_00536520
375	Das sind um 0,4 Prozent mehr als Ende 2010.	Y	prozent	75	 20,120	0.125	57	german_at_news_2012_00196255
376	Oder gibt es das nicht?	Y	gibt	76	 20,099	0.1249	33.2	german_at_news_2012_00741389
377	Die gibt es nur bei uns!	Y	gibt	76	 20,099	0.1249	47.8333	german_at_news_2012_00308467
378	So etwas gibt es nur noch in Österreich.	Y	gibt	76	 20,099	0.1249	53.75	german_at_news_2012_00821945
379	Das gibt’s ja auch noch.	Y	gibt	76	 20,099	0.1249	76.3333	german_at_news_2012_00171496
380	Gibt es eine andere Frau?	Y	gibt	76	 20,099	0.1249	98.4	german_at_news_2012_00515593
381	Das ist nicht immer so.	Y	immer	77	 19,967	0.1241	28.2	german_at_news_2012_00179612
382	So war es nicht immer.	Y	immer	77	 19,967	0.1241	38.4	german_at_news_2012_00832628
383	Und was nicht war, kann immer noch sein.	Y	immer	77	 19,967	0.1241	46.375	german_at_news_2012_00883504
384	Was ja nicht immer so war.	Y	immer	77	 19,967	0.1241	62.1667	german_at_news_2012_00926484
385	Eine Stadt ist immer laut.	Y	immer	77	 19,967	0.1241	93.6	german_at_news_2012_00414281
386	Er kann machen, was er will, er hat seine Millionen.	Y	seine	78	 19,689	0.1223	80.25	german_at_news_2012_00440147
387	Er hat seine Frau dabei.	Y	seine	78	 19,689	0.1223	87.2	german_at_news_2012_00437617
388	Das ist nicht seine Welt, das weiß er jetzt.	Y	seine	78	 19,689	0.1223	89	german_at_news_2012_00179679
389	Und vor allem: Ohne seine Frau und die drei Kinder.	Y	seine	78	 19,689	0.1223	100.3333	german_at_news_2012_00882960
390	Das ist nicht seine Art.	Y	seine	78	 19,689	0.1223	108.4	german_at_news_2012_00179678
391	Und mehr als vom 911er.	Y	vom	79	 19,261	0.1197	36.6	german_at_news_2012_00879058
392	Und das ist nur der Anfang vom Ende!	Y	vom	79	 19,261	0.1197	94.5	german_at_news_2012_00870622
393	Sie kommen ja selbst vom Land?	Y	vom	79	 19,261	0.1197	116	german_at_news_2012_00809780
394	ÖSTERREICH: 20.000 Euro haben Sie vom Land erhalten.	Y	vom	79	 19,261	0.1197	124.7143	german_at_news_2012_00748352
395	Das habe ich nicht gemacht vom ersten Spiel weg.	Y	vom	79	 19,261	0.1197	142.5556	german_at_news_2012_00172573
396	Und soll das auch nicht.	Y	soll	80	 19,002	0.1181	24.4	german_at_news_2012_00881841
397	Jetzt soll es aus sein.	Y	soll	80	 19,002	0.1181	55.4	german_at_news_2012_00625598
398	Doch das soll nicht alles sein.	Y	soll	80	 19,002	0.1181	67.1667	german_at_news_2012_00383759
399	Aber was soll ich wollen?	Y	soll	80	 19,002	0.1181	81.4	german_at_news_2012_00011122
400	Ja, so soll’s sein.	Y	soll	80	 19,002	0.1181	97	german_at_news_2012_00618813
401	Es war in den 70er Jahren.	Y	jahren	81	 18,579	0.1154	30.6667	german_at_news_2012_00470605
402	Und das schon seit 31 Jahren.	Y	jahren	81	 18,579	0.1154	48.2	german_at_news_2012_00871101
403	Das war vor drei Jahren.	Y	jahren	81	 18,579	0.1154	57	german_at_news_2012_00204425
404	Das macht er seit mehr als zwei Jahren.	Y	jahren	81	 18,579	0.1154	69	german_at_news_2012_00184892
405	Jetzt, mit 31 Jahren, kann alles andere kommen.	Y	jahren	81	 18,579	0.1154	107	german_at_news_2012_00624964
406	Und das schon seit zwei Jahren!	Y	zwei	82	 18,360	0.1141	53.8333	german_at_news_2012_00871104
407	Das sind um zwei Millionen mehr als unter dem Jahr.	Y	zwei	82	 18,360	0.1141	54.8	german_at_news_2012_00196289
408	Das macht er seit mehr als zwei Jahren.	Y	zwei	82	 18,360	0.1141	69	german_at_news_2012_00184892
409	Heute sind es erst zwei.	Y	zwei	82	 18,360	0.1141	80.8	german_at_news_2012_00536517
410	Also ein bis zwei Jahre.	Y	zwei	82	 18,360	0.1141	88.8	german_at_news_2012_00033567
411	Und es ist noch da.	Y	da	83	 18,157	0.1128	31.2	german_at_news_2012_00875605
412	Ja, der war auch da.	Y	da	83	 18,157	0.1128	56.8	german_at_news_2012_00617480
413	Viel mehr war da nicht.	Y	da	83	 18,157	0.1128	62.8	german_at_news_2012_00902450
414	Da hat er dann von mir lassen.	Y	da	83	 18,157	0.1128	77	german_at_news_2012_00140276
415	Da geht also noch mehr?	Y	da	83	 18,157	0.1128	93.4	german_at_news_2012_00139645
416	Mehr dazu in Wo ist dieser Mann?	Y	dieser	84	 18,060	0.1122	93.7143	german_at_news_2012_00674316
417	Ein Ja zur EU kann kein Ja zu dieser Politik sein.	Y	dieser	84	 18,060	0.1122	97.9	german_at_news_2012_00420122
418	Nur gibt es die in dieser Form nicht.	Y	dieser	84	 18,060	0.1122	103.75	german_at_news_2012_00734588
419	Was war nun dieser 15. Mai vor 50 Jahren?	Y	dieser	84	 18,060	0.1122	107.5714	german_at_news_2012_00928684
420	Doch dieser will seine Frau nicht zurück.	Y	dieser	84	 18,060	0.1122	117	german_at_news_2012_00384906
421	Und Zeit hatte er auch keine.	Y	keine	85	 17,965	0.1116	59.5	german_at_news_2012_00885839
422	Zu mehr war keine Zeit.”	Y	keine	85	 17,965	0.1116	64.6	german_at_news_2012_00988889
423	Sie haben keine Zeit für die Kinder.	Y	keine	85	 17,965	0.1116	69	german_at_news_2012_00807107
424	Kinder werden auch keine mehr.	Y	keine	85	 17,965	0.1116	73.6	german_at_news_2012_00636777
425	Heute gibt es allerdings keine.	Y	keine	85	 17,965	0.1116	95.4	german_at_news_2012_00535477
426	Und damit auch der ÖVP.	Y	damit	86	 17,907	0.1113	50	german_at_news_2012_00869145
427	Wie geht ihr damit um?	Y	damit	86	 17,907	0.1113	73.2	german_at_news_2012_00954885
428	Nur was macht man damit?	Y	damit	86	 17,907	0.1113	87	german_at_news_2012_00735916
429	Wir können damit gut leben.	Y	damit	86	 17,907	0.1113	99.6	german_at_news_2012_00967487
430	Was wollen Sie damit machen?	Y	damit	86	 17,907	0.1113	101	german_at_news_2012_00928958
431	Aber seit 14 Jahren ist das nicht mehr so.	Y	seit	87	 17,876	0.1111	40.25	german_at_news_2012_00009895
432	Und das schon seit 31 Jahren.	Y	seit	87	 17,876	0.1111	48.2	german_at_news_2012_00871101
433	Und das schon seit zwei Jahren!	Y	seit	87	 17,876	0.1111	53.8333	german_at_news_2012_00871104
434	Das geht schon seit Jahren so.	Y	seit	87	 17,876	0.1111	63	german_at_news_2012_00170187
435	Das macht er seit mehr als zwei Jahren.	Y	seit	87	 17,876	0.1111	69	german_at_news_2012_00184892
436	Einer für alle, alle für einen!	Y	alle	88	 17,745	0.1103	46.5	german_at_news_2012_00412498
437	Jetzt hat er alle gegen sich.	Y	alle	88	 17,745	0.1103	53.8333	german_at_news_2012_00624051
438	Wir werden ALLE dabei sein.	Y	alle	88	 17,745	0.1103	65	german_at_news_2012_00971883
439	Wir sind alle nur Menschen.	Y	alle	88	 17,745	0.1103	67.6	german_at_news_2012_00969457
440	Wir können alle nichts dafür!	Y	alle	88	 17,745	0.1103	107.6	german_at_news_2012_00967458
441	Jetzt sind es aber bereits gut 9.000 Euro.	Y	bereits	89	 17,648	0.1097	65.2857	german_at_news_2012_00625459
442	Ist das in Wien bereits ein Thema?	Y	bereits	89	 17,648	0.1097	67.2857	german_at_news_2012_00615604
443	Ob das bereits die Neuen sind?	Y	bereits	89	 17,648	0.1097	68.8333	german_at_news_2012_00737290
444	Das habe ich sogar bereits.	Y	bereits	89	 17,648	0.1097	85.2	german_at_news_2012_00172589
445	Nach dem zweiten Jahr sind es bereits 70 Prozent.	Y	bereits	89	 17,648	0.1097	88.5	german_at_news_2012_00705541
446	Ich bin seit 1995 beim ORF.	Y	beim	90	 17,405	0.1082	137.6	german_at_news_2012_00548934
447	Was machen wir beim nächsten Mal?	Y	beim	90	 17,405	0.1082	142	german_at_news_2012_00926801
448	Das war auch beim iPhone 4 schon so.	Y	beim	90	 17,405	0.1082	145	german_at_news_2012_00203080
449	Ist der nicht beim BZÖ?	Y	beim	90	 17,405	0.1082	145.2	german_at_news_2012_00615859
450	Aber beim ersten Mal habe ich mich schon gefragt: Was ist denn das?	Y	beim	90	 17,405	0.1082	160.5385	german_at_news_2012_00002899
451	Was ist in einem Jahr?	Y	jahr	91	 17,371	0.1079	43.4	german_at_news_2012_00926350
452	Das sind um zwei Millionen mehr als unter dem Jahr.	Y	jahr	91	 17,371	0.1079	54.8	german_at_news_2012_00196289
453	Und das noch dieses Jahr!	Y	jahr	91	 17,371	0.1079	57	german_at_news_2012_00870885
454	In diesem Jahr werden es viel mehr sein.	Y	jahr	91	 17,371	0.1079	60.375	german_at_news_2012_00595590
455	Und wir sind jetzt ein Jahr dort.	Y	jahr	91	 17,371	0.1079	67.8571	german_at_news_2012_00885609
456	Wir haben nur ein Leben und das ist hier und jetzt!	Y	hier	92	 17,142	0.1065	52.7	german_at_news_2012_00966221
457	Das wird hier nichts mehr.	Y	hier	92	 17,142	0.1065	69.2	german_at_news_2012_00205590
458	Das geht hier sehr ab!	Y	hier	92	 17,142	0.1065	79.2	german_at_news_2012_00170114
459	Und also leben sie hier bis heute.	Y	hier	92	 17,142	0.1065	89.1429	german_at_news_2012_00867180
460	Hier geht’s ja um Menschen.	Y	hier	92	 17,142	0.1065	111	german_at_news_2012_00538246
461	Die hat er jetzt auch in Österreich.	Y	jetzt	93	 17,072	0.1061	33.8571	german_at_news_2012_00311372
462	Jetzt sind Sie es wieder.	Y	jetzt	93	 17,072	0.1061	47.2	german_at_news_2012_00625491
463	Jetzt sind sie wieder da.	Y	jetzt	93	 17,072	0.1061	60.4	german_at_news_2012_00625495
464	War die jetzt schon wo?	Y	jetzt	93	 17,072	0.1061	74	german_at_news_2012_00920502
465	Jetzt, mit 31 Jahren, kann alles andere kommen.	Y	jetzt	93	 17,072	0.1061	107	german_at_news_2012_00624964
466	Und es macht sich sehr gut.	Y	sehr	94	 16,614	0.1032	74.3333	german_at_news_2012_00875670
467	Und heute geht es uns noch sehr gut.	Y	sehr	94	 16,614	0.1032	76.875	german_at_news_2012_00876800
468	Weil es ist ja doch sehr, sehr (.	Y	sehr	94	 16,614	0.1032	79.8333	german_at_news_2012_00931097
469	Das kommt sehr gut an.	Y	sehr	94	 16,614	0.1032	82	german_at_news_2012_00182206
470	Mir geht es sehr, sehr gut.	Y	sehr	94	 16,614	0.1032	98.4	german_at_news_2012_00681750
471	Er hatte es aber in sich.	Y	hatte	95	 16,047	0.0997	32.6667	german_at_news_2012_00437929
472	Doch der hatte es in sich.	Y	hatte	95	 16,047	0.0997	38	german_at_news_2012_00384039
473	Und den hatte ich den ersten zwei Jahren auch.	Y	hatte	95	 16,047	0.0997	55.75	german_at_news_2012_00871883
474	Und Zeit hatte er auch keine.	Y	hatte	95	 16,047	0.0997	59.5	german_at_news_2012_00885839
475	Ich hatte nichts bei mir.	Y	hatte	95	 16,047	0.0997	94.8	german_at_news_2012_00555459
476	Doch das ist sie nicht.	Y	doch	96	 15,973	0.0993	29.4	german_at_news_2012_00383626
477	Das kann doch nicht sein!	Y	doch	96	 15,973	0.0993	46.8	german_at_news_2012_00181129
478	Ist doch einer, wie der Andere!	Y	doch	96	 15,973	0.0993	60.8333	german_at_news_2012_00616071
479	Und das wollen doch alle, oder?	Y	doch	96	 15,973	0.0993	71.6667	german_at_news_2012_00871621
480	Das steht mir doch gut!	Y	doch	96	 15,973	0.0993	108.8	german_at_news_2012_00198550
481	Das ist jetzt eine neue.	Y	neue	97	 15,878	0.0987	44.8	german_at_news_2012_00179114
482	Er soll schon eine Neue haben!	Y	neue	97	 15,878	0.0987	56	german_at_news_2012_00444543
483	Aber die neue Frau will das nicht.	Y	neue	97	 15,878	0.0987	66.1429	german_at_news_2012_00004779
484	Es wird viel zu tun geben für eine neue Regierung.	Y	neue	97	 15,878	0.0987	98.9	german_at_news_2012_00472147
485	So sieht das neue Europa aus.	Y	neue	97	 15,878	0.0987	116.6667	german_at_news_2012_00830914
486	Ab 2013 wird das dann auch der Fall sein.	Y	ab	98	 15,687	0.0975	69.375	german_at_news_2012_00000725
487	So etwas gibt es ab 61,5 Jahren.	Y	ab	98	 15,687	0.0975	75.1667	german_at_news_2012_00821941
488	Das geht hier sehr ab!	Y	ab	98	 15,687	0.0975	79.2	german_at_news_2012_00170114
489	Von mir aus auch erst ab 20 oder 50 Millionen.	Y	ab	98	 15,687	0.0975	80.75	german_at_news_2012_00909405
490	Ab da gilt sie auch in Österreich.	Y	ab	98	 15,687	0.0975	88.4286	german_at_news_2012_00000988
491	Nun ist sie wieder da.	Y	nun	99	 15,399	0.0957	56.2	german_at_news_2012_00731601
492	Nun ist er wieder da.	Y	nun	99	 15,399	0.0957	57.6	german_at_news_2012_00731527
493	Doch das hat nun ein Ende.	Y	nun	99	 15,399	0.0957	68.8333	german_at_news_2012_00383550
494	Nun wäre es an der Zeit.	Y	nun	99	 15,399	0.0957	74.1667	german_at_news_2012_00732542
495	Doch nun geht es weiter.	Y	nun	99	 15,399	0.0957	95	german_at_news_2012_00387242
496	Es wurden auch schon Meine.	Y	wurden	100	 14,786	0.0919	101.4	german_at_news_2012_00472512
497	Jedes Jahr wurden es um 100.000 mehr und heute sind wir bei 1,2 Millionen.“	Y	wurden	100	 14,786	0.0919	107.9167	german_at_news_2012_00621339
498	Später wurden es immer mehr.	Y	wurden	100	 14,786	0.0919	114.6	german_at_news_2012_00836057
499	Sie wurden in 42 Länder verkauft und waren auch im ORF zu sehen.	Y	wurden	100	 14,786	0.0919	183.75	german_at_news_2012_00817683
500	Eine Frau und zwei Kinder wurden verletzt.	Y	wurden	100	 14,786	0.0919	191.4286	german_at_news_2012_00407173
501	Nicht wenn es nach ihr geht.	Y	ihr	101	 14,542	0.0904	55.8333	german_at_news_2012_00725837
502	Es wurde ihr zu viel.	Y	ihr	101	 14,542	0.0904	59.2	german_at_news_2012_00472422
503	Heute war ich wieder bei ihr.	Y	ihr	101	 14,542	0.0904	64.6667	german_at_news_2012_00536822
504	Aber das jetzt, das war selbst ihr zu viel.	Y	ihr	101	 14,542	0.0904	65.875	german_at_news_2012_00003671
505	Ihr geht es alles andere als gut.	Y	ihr	101	 14,542	0.0904	100.1429	german_at_news_2012_00565694
506	Sie sind auch mit dabei.	Y	dabei	102	 14,303	0.0889	36.8	german_at_news_2012_00812920
507	Und Sie können dabei sein.	Y	dabei	102	 14,303	0.0889	51	german_at_news_2012_00881333
508	Wir werden ALLE dabei sein.	Y	dabei	102	 14,303	0.0889	65	german_at_news_2012_00971883
509	Dabei geht es um 524 Millionen Euro.	Y	dabei	102	 14,303	0.0889	75.1667	german_at_news_2012_00131933
510	Weiter kommen die beiden dabei nicht.	Y	dabei	102	 14,303	0.0889	106.8333	german_at_news_2012_00933453
511	Das muss sie auch nicht sein.	Y	muss	103	 14,125	0.0878	36.3333	german_at_news_2012_00186566
512	Das kann, muss aber nicht sein.	Y	muss	103	 14,125	0.0878	46.6667	german_at_news_2012_00181338
513	Das kann, muss aber nicht kommen.	Y	muss	103	 14,125	0.0878	66.6667	german_at_news_2012_00181337
514	Sie ist nicht hier, weil sie muss, sondern weil sie will.	Y	muss	103	 14,125	0.0878	76.25	german_at_news_2012_00809240
515	Man muss ihm Zeit lassen.	Y	muss	103	 14,125	0.0878	122.2	german_at_news_2012_00667648
516	Und wenn es nur eines ist.	Y	eines	104	 13,933	0.0866	40	german_at_news_2012_00884301
517	Ich wollte nur eines: nicht so sein wie die anderen.	Y	eines	104	 13,933	0.0866	80	german_at_news_2012_00562167
518	Doch eines nach dem anderen.	Y	eines	104	 13,933	0.0866	82	german_at_news_2012_00385255
519	Und eines steht fest: Frauen stehen auf den 159er.	Y	eines	104	 13,933	0.0866	126.4444	german_at_news_2012_00874636
520	Eines steht aber auch fest.	Y	eines	104	 13,933	0.0866	138.6	german_at_news_2012_00414221
521	Aber alles zu seiner Zeit.	Y	seiner	105	 13,834	0.086	86.4	german_at_news_2012_00001584
522	Er war auf dem Weg zu seiner Familie.	Y	seiner	105	 13,834	0.086	95.875	german_at_news_2012_00449602
523	Und dass ich immer an seiner Seite bin, ist nicht mehr ganz richtig.	Y	seiner	105	 13,834	0.086	117.4615	german_at_news_2012_00871250
524	Gerade drei Prozent waren auf seiner Seite.	Y	seiner	105	 13,834	0.086	147	german_at_news_2012_00511586
525	Er hat sieben Kinder mit seiner Frau.	Y	seiner	105	 13,834	0.086	149.1429	german_at_news_2012_00437751
526	Das will sie auch nicht.	Y	will	106	 13,627	0.0847	33	german_at_news_2012_00205396
527	Es ist auch das, was ich machen will.	Y	will	106	 13,627	0.0847	50.625	german_at_news_2012_00460216
528	Was will man mit dem machen?	Y	will	106	 13,627	0.0847	64.6667	german_at_news_2012_00928806
529	Sie ist nicht hier, weil sie muss, sondern weil sie will.	Y	will	106	 13,627	0.0847	76.25	german_at_news_2012_00809240
530	Es kommt, wie's will.	Y	will	106	 13,627	0.0847	101.2	german_at_news_2012_00464685
531	Und das geht sich nicht aus, oder?	Y	geht	107	 13,408	0.0833	32.5714	german_at_news_2012_00870261
532	Es geht sich alles nicht mehr aus.	Y	geht	107	 13,408	0.0833	55.1429	german_at_news_2012_00455797
533	Hier geht es um das Machen.	Y	geht	107	 13,408	0.0833	67.6667	german_at_news_2012_00538183
534	Also um was geht es?	Y	geht	107	 13,408	0.0833	82.2	german_at_news_2012_00034423
535	Also geht es mir gut“.	Y	geht	107	 13,408	0.0833	116.2	german_at_news_2012_00033715
536	Und wie ist das heute?	Y	heute	108	 13,197	0.082	32	german_at_news_2012_00885191
537	Heute sind es nur noch rund 50 Prozent.	Y	heute	108	 13,197	0.082	62.7143	german_at_news_2012_00536523
538	Aber so was würde ich heute nicht mehr machen.	Y	heute	108	 13,197	0.082	75.8889	german_at_news_2012_00010382
539	Heute sind es erst zwei.	Y	heute	108	 13,197	0.082	80.8	german_at_news_2012_00536517
540	Heute gibt es allerdings keine.	Y	heute	108	 13,197	0.082	95.4	german_at_news_2012_00535477
541	Das war vor drei Jahren.	Y	drei	109	 12,980	0.0807	57	german_at_news_2012_00204425
542	Vor 15 Jahren waren es drei.	Y	drei	109	 12,980	0.0807	71.6	german_at_news_2012_00910368
543	Noch drei, und dann noch einmal drei.	Y	drei	109	 12,980	0.0807	74.8	german_at_news_2012_00727963
544	Drei Jahre noch vor uns.	Y	drei	109	 12,980	0.0807	85	german_at_news_2012_00392529
545	Das erste Mal vor drei Jahren.	Y	drei	109	 12,980	0.0807	102	german_at_news_2012_00167283
546	Und wie sie das waren.	Y	waren	110	 12,798	0.0795	34.4	german_at_news_2012_00885305
547	Aber waren sie auch gut?	Y	waren	110	 12,798	0.0795	61.8	german_at_news_2012_00010923
548	Es waren schon einmal mehr.	Y	waren	110	 12,798	0.0795	78.8	german_at_news_2012_00470326
549	Waren Sie schon einmal da?	Y	waren	110	 12,798	0.0795	85.8	german_at_news_2012_00921012
550	Wir waren doch schon weiter.	Y	waren	110	 12,798	0.0795	96	german_at_news_2012_00971707
551	Das waren die 70er-Jahre.	Y	jahre	111	 12,762	0.0793	50.8	german_at_news_2012_00203795
552	Im Jahre 1940 waren es noch 7000.	Y	jahre	111	 12,762	0.0793	58.4	german_at_news_2012_00573796
553	Kommt auch schon in die Jahre.	Y	jahre	111	 12,762	0.0793	60.6667	german_at_news_2012_00640639
554	Aber die letzten Jahre nicht mehr.	Y	jahre	111	 12,762	0.0793	71.1667	german_at_news_2012_00004745
555	Im Jahre 1917 waren es noch 2,5 Millionen Menschen.	Y	jahre	111	 12,762	0.0793	76	german_at_news_2012_00573786
556	Aus dem, was rund um mich ist.	Y	rund	112	 12,723	0.0791	61.1429	german_at_news_2012_00081696
557	Heute sind es nur noch rund 50 Prozent.	Y	rund	112	 12,723	0.0791	62.7143	german_at_news_2012_00536523
558	Für mich sind das rund 10%.	Y	rund	112	 12,723	0.0791	63	german_at_news_2012_00499191
559	Rund 30 bis 50 Prozent der Männer zwischen 50 und 60 Jahren haben sie.	Y	rund	112	 12,723	0.0791	99.2	german_at_news_2012_00775088
560	Vor rund zwei Jahren waren es noch fast 500 Millionen Euro gewesen.	Y	rund	112	 12,723	0.0791	105.4545	german_at_news_2012_00914910
561	Und: es sind die Menschen.	Y	menschen	113	 12,662	0.0787	34.2	german_at_news_2012_00875728
562	So geht man mit Menschen nicht um.	Y	menschen	113	 12,662	0.0787	50.5714	german_at_news_2012_00823048
563	Wir sind alle nur Menschen.	Y	menschen	113	 12,662	0.0787	67.6	german_at_news_2012_00969457
564	Macht das den Menschen aus?	Y	menschen	113	 12,662	0.0787	70.2	german_at_news_2012_00661607
565	Hier geht’s ja um Menschen.	Y	menschen	113	 12,662	0.0787	111	german_at_news_2012_00538246
566	Aus dem Euro oder aus der EU?	Y	eu	114	 12,556	0.078	46.8333	german_at_news_2012_00081502
567	Wir sind nicht gegen Europa, aber wir sind gegen diese EU.	Y	eu	114	 12,556	0.078	80.375	german_at_news_2012_00970149
568	Genau das ist die EU aber.	Y	eu	114	 12,556	0.078	82	german_at_news_2012_00509272
569	Aber was macht die EU hier?	Y	eu	114	 12,556	0.078	84.6667	german_at_news_2012_00011086
570	Und natürlich gegen „die“ EU.	Y	eu	114	 12,556	0.078	88.6	german_at_news_2012_00879530
571	Und er hat noch viel vor.	Y	viel	115	 12,548	0.078	43.1667	german_at_news_2012_00874989
572	In diesem Jahr werden es viel mehr sein.	Y	viel	115	 12,548	0.078	60.375	german_at_news_2012_00595590
573	So viel Zeit haben wir nicht.	Y	viel	115	 12,548	0.078	65.6667	german_at_news_2012_00832456
574	Ich habe nicht viel Zeit.	Y	viel	115	 12,548	0.078	72.6	german_at_news_2012_00554207
575	Also so viel wie bei uns.	Y	viel	115	 12,548	0.078	85.1667	german_at_news_2012_00034363
576	Und nicht für sich selbst.“	Y	selbst	116	 12,444	0.0773	32.2	german_at_news_2012_00879705
577	Selbst wenn es von mir ist.	Y	selbst	116	 12,444	0.0773	60.3333	german_at_news_2012_00801003
578	Nicht nur für ihn selbst.	Y	selbst	116	 12,444	0.0773	74.2	german_at_news_2012_00724663
579	Was kann man gut selbst machen?	Y	selbst	116	 12,444	0.0773	92	german_at_news_2012_00926598
580	Sie kommen ja selbst vom Land?	Y	selbst	116	 12,444	0.0773	116	german_at_news_2012_00809780
581	Wie ist das denn mit Österreich?	Y	denn	117	 12,400	0.0771	39.5	german_at_news_2012_00955741
582	Gut, aber was ist denn das?	Y	denn	117	 12,400	0.0771	59.8333	german_at_news_2012_00524833
583	ÖSTERREICH: Wer sind denn „die“?	Y	denn	117	 12,400	0.0771	77.2	german_at_news_2012_00751531
584	Was wollen Sie denn dann?	Y	denn	117	 12,400	0.0771	91.4	german_at_news_2012_00928960
585	Ja, was denn noch alles!	Y	denn	117	 12,400	0.0771	101.6	german_at_news_2012_00618902
586	Wiener: Ja, so ist es.	Y	wiener	118	 12,276	0.0763	62	german_at_news_2012_00957207
587	Er war Wiener Bürgermeister, von 1288 bis 1305.	Y	wiener	118	 12,276	0.0763	132.5	german_at_news_2012_00450297
588	Die Wiener machen es den Deutschen aber auch nicht leicht.	Y	wiener	118	 12,276	0.0763	132.7	german_at_news_2012_00377540
589	Die Wiener haben keine andere Sorgen oder?	Y	wiener	118	 12,276	0.0763	158.1429	german_at_news_2012_00377440
590	Unterstützung kommt nun von der Wiener ÖVP.	Y	wiener	118	 12,276	0.0763	172	german_at_news_2012_00891645
591	Das geht auch noch nach 22 Uhr.	Y	uhr	119	 12,253	0.0761	54.5	german_at_news_2012_00169977
592	Es ist etwas nach 22.00 Uhr.	Y	uhr	119	 12,253	0.0761	65.4	german_at_news_2012_00461901
593	Wie wäre es mit 16 Uhr, wie wäre es mit 16 Uhr?	Y	uhr	119	 12,253	0.0761	70.2	german_at_news_2012_00960596
594	Ich meine nicht die, die um 11 Uhr kommen und um 15 Uhr gehen.	Y	uhr	119	 12,253	0.0761	103.2222	german_at_news_2012_00557628
595	Es ist kurz nach 13 Uhr.	Y	uhr	119	 12,253	0.0761	114.6	german_at_news_2012_00462587
596	Ob das bereits die Neuen sind?	Y	neuen	120	 12,158	0.0755	68.8333	german_at_news_2012_00737290
597	Mehr dazu im neuen NEWS 42/11!	Y	neuen	120	 12,158	0.0755	110.8	german_at_news_2012_00674247
598	Mehr dazu finden Sie im neuen NEWS (18/2011).	Y	neuen	120	 12,158	0.0755	119.2857	german_at_news_2012_00674243
599	Dann sollte dem neuen Leben nichts mehr im Weg stehen.“	Y	neuen	120	 12,158	0.0755	121.9	german_at_news_2012_00153934
600	Mehr zu diesem Thema finden Sie im neuen NEWS!	Y	neuen	120	 12,158	0.0755	124.3333	german_at_news_2012_00675823
601	Bei uns ist das so.	Y	uns	121	 12,154	0.0755	38.8	german_at_news_2012_00106078
602	Aber bei uns geht das nicht.	Y	uns	121	 12,154	0.0755	52.1667	german_at_news_2012_00002920
603	Es geht uns noch immer viel zu gut.	Y	uns	121	 12,154	0.0755	76.375	german_at_news_2012_00456094
604	Dann kann man mit uns alles machen“.	Y	uns	121	 12,154	0.0755	84.8571	german_at_news_2012_00153049
605	Aber das macht uns nichts.	Y	uns	121	 12,154	0.0755	105.4	german_at_news_2012_00003747
606	Und das ist auch gut so!	Y	gut	122	 11,917	0.0741	31.8333	german_at_news_2012_00870470
607	Aber es geht sich gut aus.	Y	gut	122	 11,917	0.0741	55	german_at_news_2012_00005863
608	Aber das war ja nicht gut für ihn.	Y	gut	122	 11,917	0.0741	69.375	german_at_news_2012_00004002
609	Doch jetzt ist alles wieder gut.	Y	gut	122	 11,917	0.0741	90	german_at_news_2012_00386429
610	Aber Ende gut, alles gut.	Y	gut	122	 11,917	0.0741	120.25	german_at_news_2012_00005529
611	In diesem Jahr werden es viel mehr sein.	Y	diesem	123	 11,876	0.0738	60.375	german_at_news_2012_00595590
612	So viel wie noch nie in diesem Jahr.	Y	diesem	123	 11,876	0.0738	87.75	german_at_news_2012_00832449
613	In diesem Jahr waren dies 8,4 Millionen Euro.	Y	diesem	123	 11,876	0.0738	102.8571	german_at_news_2012_00595586
614	In diesem Jahr sind es rund 5.000 aus 32 Ländern.	Y	diesem	123	 11,876	0.0738	114.25	german_at_news_2012_00595570
615	Sie ist so gut in diesem Film“.	Y	diesem	123	 11,876	0.0738	114.4286	german_at_news_2012_00809340
616	Ganz so ist es aber nicht.	Y	ganz	124	 11,771	0.0731	39.8333	german_at_news_2012_00503037
617	Das kann ich nicht so ganz.	Y	ganz	124	 11,771	0.0731	45.8333	german_at_news_2012_00181221
618	Er ist einer der ganz Großen.“	Y	ganz	124	 11,771	0.0731	69.5	german_at_news_2012_00439174
619	So ist das in ganz Europa.	Y	ganz	124	 11,771	0.0731	71	german_at_news_2012_00824294
620	Aber das ist ja auch nicht ganz einfach.	Y	ganz	124	 11,771	0.0731	72.75	german_at_news_2012_00003571
621	Und den hatte ich den ersten zwei Jahren auch.	Y	ersten	125	 11,727	0.0729	55.75	german_at_news_2012_00871883
622	Und das nicht zum ersten Mal.	Y	ersten	125	 11,727	0.0729	63	german_at_news_2012_00870878
623	Hat auf den ersten Blick was für sich.	Y	ersten	125	 11,727	0.0729	123	german_at_news_2012_00529561
624	Zum ersten Mal in ihrem Leben.	Y	ersten	125	 11,727	0.0729	124.1667	german_at_news_2012_00989258
625	Aber wie bei einem Kind sind auch in diesem Fall die ersten Jahre besonders wichtig.	Y	ersten	125	 11,727	0.0729	127.1333	german_at_news_2012_00011654
626	Rund 30 bis 50 Prozent der Männer zwischen 50 und 60 Jahren haben sie.	Y	zwischen	126	 11,568	0.0719	99.2	german_at_news_2012_00775088
627	Bei uns wird es zwischen 150 und 200 Euro kosten.	Y	zwischen	126	 11,568	0.0719	101.75	german_at_news_2012_00106172
628	In ihrem Leben hat es noch nie etwas gegeben, das zwischen sie kommen konnte.	Y	zwischen	126	 11,568	0.0719	132.0714	german_at_news_2012_00601204
629	Sie steht zwischen 21. und 23. September von 8.00 bis 20.00 Uhr zur Verfügung.	Y	zwischen	126	 11,568	0.0719	143.1	german_at_news_2012_00814510
630	In dieser Zeit sollen die Männer zwischen 400 und 800 Euro bekommen.	Y	zwischen	126	 11,568	0.0719	144.9	german_at_news_2012_00596822
631	Das sind um zwei Millionen mehr als unter dem Jahr.	Y	millionen	127	 11,499	0.0715	54.8	german_at_news_2012_00196289
632	Es geht um 20 Millionen Euro.	Y	millionen	127	 11,499	0.0715	69.8	german_at_news_2012_00455806
633	Dabei geht es um 524 Millionen Euro.	Y	millionen	127	 11,499	0.0715	75.1667	german_at_news_2012_00131933
634	Aber was soll ich mit diesen Millionen?	Y	millionen	127	 11,499	0.0715	76.1429	german_at_news_2012_00011118
635	Er kann machen, was er will, er hat seine Millionen.	Y	millionen	127	 11,499	0.0715	80.25	german_at_news_2012_00440147
636	Mehr ist dazu auch nicht zu sagen.	Y	dazu	128	 11,490	0.0714	79.1429	german_at_news_2012_00675042
637	Dazu gibt es nicht mehr zu sagen.	Y	dazu	128	 11,490	0.0714	88.4286	german_at_news_2012_00210194
638	Mehr ist dazu nicht zu sagen.	Y	dazu	128	 11,490	0.0714	89.3333	german_at_news_2012_00675044
639	Mehr dazu in Wo ist dieser Mann?	Y	dazu	128	 11,490	0.0714	93.7143	german_at_news_2012_00674316
640	Er selbst hat sich dazu auch schon bekannt.	Y	dazu	128	 11,490	0.0714	94.625	german_at_news_2012_00444009
641	Was war das für eine Zeit!	Y	zeit	129	 11,422	0.071	46.6667	german_at_news_2012_00928568
642	Und Zeit hatte er auch keine.	Y	zeit	129	 11,422	0.071	59.5	german_at_news_2012_00885839
643	Zu mehr war keine Zeit.”	Y	zeit	129	 11,422	0.071	64.6	german_at_news_2012_00988889
644	Sie haben keine Zeit für die Kinder.	Y	zeit	129	 11,422	0.071	69	german_at_news_2012_00807107
645	Man muss ihm Zeit lassen.	Y	zeit	129	 11,422	0.071	122.2	german_at_news_2012_00667648
646	Sie ist nicht hier, weil sie muss, sondern weil sie will.	Y	weil	130	 11,404	0.0709	76.25	german_at_news_2012_00809240
647	Weil es gegen die SPÖ geht.	Y	weil	130	 11,404	0.0709	76.8333	german_at_news_2012_00931078
648	Weil es ist ja doch sehr, sehr (.	Y	weil	130	 11,404	0.0709	79.8333	german_at_news_2012_00931097
649	Und nicht etwas macht, weil man es muss.	Y	weil	130	 11,404	0.0709	81.375	german_at_news_2012_00879703
650	Weil sie so natürlich ist.	Y	weil	130	 11,404	0.0709	89.4	german_at_news_2012_00931644
651	So werden es viele machen.	Y	viele	131	 11,327	0.0704	70.8	german_at_news_2012_00833002
652	Und das sehen viele ein.	Y	viele	131	 11,327	0.0704	76.6	german_at_news_2012_00871173
653	Wie viele es sein werden, kann ich nicht sagen.	Y	viele	131	 11,327	0.0704	77.6667	german_at_news_2012_00960207
654	Aber es gibt noch viele andere.	Y	viele	131	 11,327	0.0704	81.1667	german_at_news_2012_00005976
655	Wie viele davon werden in Wien zu sehen sein?	Y	viele	131	 11,327	0.0704	86.6667	german_at_news_2012_00960187
656	So ist es ja nicht.	Y	ja	132	 11,235	0.0698	41.6	german_at_news_2012_00824446
657	Das kann ja nicht sein.“	Y	ja	132	 11,235	0.0698	54	german_at_news_2012_00181245
658	Aber das war ja nicht gut für ihn.	Y	ja	132	 11,235	0.0698	69.375	german_at_news_2012_00004002
659	Es ist ja nichts dabei.	Y	ja	132	 11,235	0.0698	85.4	german_at_news_2012_00462349
660	Sie kommen ja selbst vom Land?	Y	ja	132	 11,235	0.0698	116	german_at_news_2012_00809780
661	Das ist jetzt nicht nur ein Fall für, sondern auch in der Polizei.	Y	sondern	133	 11,096	0.069	71.1538	german_at_news_2012_00179127
662	Und zwar nicht nur in Wien sondern in ganz Österreich!	Y	sondern	133	 11,096	0.069	74.8889	german_at_news_2012_00886222
663	Sie ist nicht hier, weil sie muss, sondern weil sie will.	Y	sondern	133	 11,096	0.069	76.25	german_at_news_2012_00809240
664	Nur haben wir heute nicht mehr 1989, sondern sind gut 20 Jahre weiter.	Y	sondern	133	 11,096	0.069	80.1818	german_at_news_2012_00734629
665	Und das alles nicht nur in Salzburg, sondern vielleicht auch in Wien.	Y	sondern	133	 11,096	0.069	97.6364	german_at_news_2012_00869959
666	Erst wenn Kinder ins Spiel kommen, wird das zum Thema.	Y	ins	134	 10,480	0.0651	152.5	german_at_news_2012_00448465
667	“Er kam zwei Mal zu uns ins Haus.	Y	ins	134	 10,480	0.0651	154.5	german_at_news_2012_00440075
668	Immer wieder kommt die Polizei ins Haus.	Y	ins	134	 10,480	0.0651	162.5714	german_at_news_2012_00577123
669	Hier kommt das Internet ins Spiel.	Y	ins	134	 10,480	0.0651	200.5	german_at_news_2012_00539608
670	Alles andere geht sofort ins Geld.	Y	ins	134	 10,480	0.0651	213.5	german_at_news_2012_00025720
671	Und das war die SPÖ.	Y	spö	135	 10,393	0.0646	38.6	german_at_news_2012_00871505
672	Nicht nur von der SPÖ.	Y	spö	135	 10,393	0.0646	41.6	german_at_news_2012_00724936
673	Aber was ist mit SPÖ und ÖVP?	Y	spö	135	 10,393	0.0646	57.2857	german_at_news_2012_00011065
674	Da war auch die SPÖ dabei.	Y	spö	135	 10,393	0.0646	64.6667	german_at_news_2012_00208626
675	Weil es gegen die SPÖ geht.	Y	spö	135	 10,393	0.0646	76.8333	german_at_news_2012_00931078
676	Aber diese hat natürlich auch ihren Preis.	Y	ihren	136	 10,363	0.0644	153.5714	german_at_news_2012_00004904
677	Aber viele von uns, so wie ich auch, haben ihren eigenen Job.	Y	ihren	136	 10,363	0.0644	153.5833	german_at_news_2012_00010701
678	Wie sie zu ihren Informationen kommen?	Y	ihren	136	 10,363	0.0644	156.8333	german_at_news_2012_00959318
679	Sie wollen nicht weg aus ihren Ländern.	Y	ihren	136	 10,363	0.0644	159.2857	german_at_news_2012_00817289
680	Einer der ihren – hat das die ÖVP schon vergessen?	Y	ihren	136	 10,363	0.0644	169.2222	german_at_news_2012_00412074
681	Aber ich weiß, dass es nach wie vor Millionen Menschen gibt, die an ihrer Regierung und dem, was gerade vor sich geht, Anteil nehmen.	Y	ihrer	137	 10,303	0.064	126.087	german_at_news_2012_00007580
682	Viele von ihnen in ihrer eigenen Welt.	Y	ihrer	137	 10,303	0.064	139.4286	german_at_news_2012_00900624
683	Im Jahr 2009 hat die SPÖ etwas von ihrer Würde verloren.	Y	ihrer	137	 10,303	0.064	144.7	german_at_news_2012_00573623
684	Aber in ein, zwei Wochen kommt sie sicher wieder von ihrer Mutter zurück.	Y	ihrer	137	 10,303	0.064	145.7692	german_at_news_2012_00007943
685	Aber ich werde doch nie auf ihrer Seite stehen.	Y	ihrer	137	 10,303	0.064	146.8889	german_at_news_2012_00007598
686	Das geben Sie aus, und mehr ist nicht.	Y	geben	138	 10,266	0.0638	34.25	german_at_news_2012_00169580
687	Das kann und wird es nicht mehr geben.	Y	geben	138	 10,266	0.0638	40.375	german_at_news_2012_00181437
688	Es wird aber nicht mehr geben.	Y	geben	138	 10,266	0.0638	48.8333	german_at_news_2012_00471421
689	Aber einmal so und einmal so,dass sollte es nicht geben.	Y	geben	138	 10,266	0.0638	66.6667	german_at_news_2012_00005485
690	Und ich will weiter geben.	Y	geben	138	 10,266	0.0638	87.8	german_at_news_2012_00877376
691	“Vor allem über das Wie.	Y	allem	139	 10,205	0.0634	52.8	german_at_news_2012_00912005
692	Von allem viel zu viel.	Y	allem	139	 10,205	0.0634	67.75	german_at_news_2012_00906237
693	Vor allem in der Stadt.	Y	allem	139	 10,205	0.0634	76.8	german_at_news_2012_00911672
694	Und vor allem: Wer hat das Geld?	Y	allem	139	 10,205	0.0634	89.4286	german_at_news_2012_00882972
695	Und vor allem: Ohne seine Frau und die drei Kinder.	Y	allem	139	 10,205	0.0634	100.3333	german_at_news_2012_00882960
696	Wir sind doch noch in Österreich oder etwa nicht?	Y	etwa	140	 10,061	0.0625	56.1111	german_at_news_2012_00969727
697	Das war vor etwa 100 Jahren.	Y	etwa	140	 10,061	0.0625	63.2	german_at_news_2012_00204427
698	Aber in etwa könnte das so gewesen sein.	Y	etwa	140	 10,061	0.0625	90.125	german_at_news_2012_00007949
699	Seit etwa einer Woche allerdings nicht mehr.	Y	etwa	140	 10,061	0.0625	115	german_at_news_2012_00797850
700	Also müssen wir etwa über das Internet am besten sein.	Y	etwa	140	 10,061	0.0625	130.2	german_at_news_2012_00034119
701	Das ist gut für die ÖVP.	Y	övp	141	 10,053	0.0625	48.5	german_at_news_2012_00178809
702	Und damit auch der ÖVP.	Y	övp	141	 10,053	0.0625	50	german_at_news_2012_00869145
703	Nicht mit mir und nicht mit der ÖVP.“	Y	övp	141	 10,053	0.0625	53.5	german_at_news_2012_00724212
704	Aber was ist mit SPÖ und ÖVP?	Y	övp	141	 10,053	0.0625	57.2857	german_at_news_2012_00011065
705	Das ist mit der ÖVP nicht möglich.	Y	övp	141	 10,053	0.0625	66.1429	german_at_news_2012_00179449
706	Jeder soll das Projekt Europa zu dem seinen machen.	Y	seinen	142	 10,030	0.0623	144	german_at_news_2012_00620795
707	Es hat alles seinen Preis im Leben.	Y	seinen	142	 10,030	0.0623	149.7143	german_at_news_2012_00459317
708	Man bekommt also immer mehr für seinen Euro.	Y	seinen	142	 10,030	0.0623	153.5	german_at_news_2012_00663057
709	Schon gar nicht seinen eigenen.	Y	seinen	142	 10,030	0.0623	156	german_at_news_2012_00785157
710	Man sollte seinen eigenen Weg gehen“.	Y	seinen	142	 10,030	0.0623	184.6667	german_at_news_2012_00669041
711	Dieses „Was hat er, was ich nicht habe?“	Y	dieses	143	 10,027	0.0623	55	german_at_news_2012_00355611
712	Und das noch dieses Jahr!	Y	dieses	143	 10,027	0.0623	57	german_at_news_2012_00870885
713	Das ist auch dieses Land.	Y	dieses	143	 10,027	0.0623	69.8	german_at_news_2012_00176526
714	Dieses Mal: „Wie viel ist zu viel?	Y	dieses	143	 10,027	0.0623	81.6667	german_at_news_2012_00354327
715	Es wird wohl auch dieses Mal so sein.	Y	dieses	143	 10,027	0.0623	93.375	german_at_news_2012_00472198
716	Nur gegen sie zu sein, ist auch kein Programm.	Y	kein	144	 10,022	0.0623	88.7778	german_at_news_2012_00734560
717	Aber noch sei das kein Thema.	Y	kein	144	 10,022	0.0623	95.5	german_at_news_2012_00009470
718	Ein Ja zur EU kann kein Ja zu dieser Politik sein.	Y	kein	144	 10,022	0.0623	97.9	german_at_news_2012_00420122
719	Auch wenn er für sich selbst damit kein Problem hat.	Y	kein	144	 10,022	0.0623	101.1	german_at_news_2012_00072762
720	Und dann gibt es kein Halten mehr.	Y	kein	144	 10,022	0.0623	111.4286	german_at_news_2012_00869462
721	Das eine ist ohne das andere nicht zu haben!	Y	ohne	145	  9,991	0.0621	54.125	german_at_news_2012_00165405
722	Es geht nicht mit Ohne.	Y	ohne	145	  9,991	0.0621	58.4	german_at_news_2012_00455705
723	Es geht aber auch ohne ihn, wie man sieht!	Y	ohne	145	  9,991	0.0621	96	german_at_news_2012_00455250
724	Ob mit oder ohne uns.	Y	ohne	145	  9,991	0.0621	97.2	german_at_news_2012_00739236
725	Und vor allem: Ohne seine Frau und die drei Kinder.	Y	ohne	145	  9,991	0.0621	100.3333	german_at_news_2012_00882960
726	In Österreich gibt es so etwas nicht.“	Y	etwas	146	  9,929	0.0617	50.8571	german_at_news_2012_00604894
727	Wie geht man mit so etwas um?	Y	etwas	146	  9,929	0.0617	57.8571	german_at_news_2012_00954891
728	Etwas, das für sich steht.	Y	etwas	146	  9,929	0.0617	69.2	german_at_news_2012_00473486
729	Ist ja auch etwas, oder?	Y	etwas	146	  9,929	0.0617	71.6	german_at_news_2012_00616511
730	Wo gibt es denn so etwas?	Y	etwas	146	  9,929	0.0617	91.8333	german_at_news_2012_00974905
731	Es ist auch das, was ich machen will.	Y	machen	147	  9,839	0.0611	50.625	german_at_news_2012_00460216
732	So werden es viele machen.	Y	machen	147	  9,839	0.0611	70.8	german_at_news_2012_00833002
733	Jetzt ist nichts mehr zu machen.	Y	machen	147	  9,839	0.0611	79.3333	german_at_news_2012_00624560
734	Die machen doch was sie wollen.	Y	machen	147	  9,839	0.0611	86	german_at_news_2012_00324193
735	Müssen wir mal was machen.‘	Y	machen	147	  9,839	0.0611	120	german_at_news_2012_00701301
736	Am Wochenende des 12. und 13. Juli sowie am 23. und 24. August (jeweils um 11.00 und 15.00 Uhr) ist es wieder so weit.	Y	sowie	148	  9,811	0.061	213.7333	german_at_news_2012_00045334
737	Die Anzahl der Menschen über 60 werde sich von einer Zahl von 1,8 Mio. im Jahre 2005 auf 2,2 Mio. 2020 sowie auf bis zu 2,7 Mio. im Jahr 2030 entwickeln.	Y	sowie	148	  9,811	0.061	229.7895	german_at_news_2012_00279402
738	Davon waren 1,753.781 Männer sowie 1,490.653 Frauen.	Y	sowie	148	  9,811	0.061	236.4	german_at_news_2012_00208377
739	Es handelte sich um zwei Frauen im Alter von 61 und 56 Jahren sowie um einen 32 Jahre alten Mann.	Y	sowie	148	  9,811	0.061	261.375	german_at_news_2012_00458890
740	Die Eltern (42 und 39 Jahre) seien mit ihren drei Töchtern (fünf, 14 sowie 18 Jahre alt) schon seit acht Jahren in Kärnten.	Y	sowie	148	  9,811	0.061	298.7778	german_at_news_2012_00295249
741	Für mich ist er das nicht.	Y	mich	149	  9,793	0.0609	36.5	german_at_news_2012_00499103
742	Sie ist immer für mich da.	Y	mich	149	  9,793	0.0609	58.5	german_at_news_2012_00809105
743	Für mich sind das rund 10%.	Y	mich	149	  9,793	0.0609	63	german_at_news_2012_00499191
744	Mich geht das nichts an.	Y	mich	149	  9,793	0.0609	90.2	german_at_news_2012_00680142
745	Man muss mich nur machen lassen.	Y	mich	149	  9,793	0.0609	109.5	german_at_news_2012_00667710
746	Und das ist noch nicht alles.	Y	alles	150	  9,773	0.0607	37.8333	german_at_news_2012_00870616
747	Das ist aber schon alles.	Y	alles	150	  9,773	0.0607	53.8	german_at_news_2012_00176356
748	Doch das sei nicht alles.	Y	alles	150	  9,773	0.0607	65.8	german_at_news_2012_00383736
749	Alles ist gut, alles ist gut.	Y	alles	150	  9,773	0.0607	94	german_at_news_2012_00026217
750	Aber Ende gut, alles gut.	Y	alles	150	  9,773	0.0607	120.25	german_at_news_2012_00005529
751	Aber nicht mehr als einmal.	Y	einmal	151	  9,754	0.0606	56	german_at_news_2012_00009231
752	Nichts ist mehr so, wie es einmal war.	Y	einmal	151	  9,754	0.0606	63.875	german_at_news_2012_00725325
753	Noch drei, und dann noch einmal drei.	Y	einmal	151	  9,754	0.0606	74.8	german_at_news_2012_00727963
754	Das macht man mit uns nur einmal.	Y	einmal	151	  9,754	0.0606	81	german_at_news_2012_00184935
755	Aber einmal geht's noch!	Y	einmal	151	  9,754	0.0606	104.8	german_at_news_2012_00005482
756	Er mit mir auch nicht.	Y	mir	152	  9,735	0.0605	44	german_at_news_2012_00441492
757	Selbst wenn es von mir ist.	Y	mir	152	  9,735	0.0605	60.3333	german_at_news_2012_00801003
758	Das gibt mir nicht viel.	Y	mir	152	  9,735	0.0605	72.8	german_at_news_2012_00171486
759	Da hat er dann von mir lassen.	Y	mir	152	  9,735	0.0605	77	german_at_news_2012_00140276
760	Also geht es mir gut“.	Y	mir	152	  9,735	0.0605	116.2	german_at_news_2012_00033715
761	War es auch nicht, für die anderen.	Y	anderen	153	  9,726	0.0604	38	german_at_news_2012_00921071
762	Das geht den anderen nicht so.	Y	anderen	153	  9,726	0.0604	53.3333	german_at_news_2012_00170099
763	Es gibt auch bei der anderen nichts.	Y	anderen	153	  9,726	0.0604	65.2857	german_at_news_2012_00456475
764	Es kommt und geht von einem zum anderen.	Y	anderen	153	  9,726	0.0604	68.625	german_at_news_2012_00464675
765	Doch eines nach dem anderen.	Y	anderen	153	  9,726	0.0604	82	german_at_news_2012_00385255
766	Ich werde immer für sie da sein.	Y	werde	154	  9,584	0.0596	62.5714	german_at_news_2012_00561319
767	“Und das werde ich auch tun.”	Y	werde	154	  9,584	0.0596	86.6667	german_at_news_2012_00871556
768	Österreich werde sich aber nicht zu einem Fall machen lassen.	Y	werde	154	  9,584	0.0596	93.6	german_at_news_2012_00751515
769	Das werde man dann sehen.	Y	werde	154	  9,584	0.0596	99.6	german_at_news_2012_00204876
770	Das werde ich auch tun.	Y	werde	154	  9,584	0.0596	103.4	german_at_news_2012_00204863
771	Aber da müssen wir durch.	Y	müssen	155	  9,388	0.0583	77.6	german_at_news_2012_00003174
772	Das ist es aber, was wir tun müssen.	Y	müssen	155	  9,388	0.0583	81.125	german_at_news_2012_00178518
773	Wir werden selbst damit leben müssen.	Y	müssen	155	  9,388	0.0583	99.8333	german_at_news_2012_00972294
774	Wir müssen aber noch besser werden.	Y	müssen	155	  9,388	0.0583	103.5	german_at_news_2012_00968273
775	Und sie müssen nicht arbeiten, wenn sie nicht wollen.	Y	müssen	155	  9,388	0.0583	114.2857	german_at_news_2012_00881372
776	Wir haben den Euro und werden den Euro auch weiter haben.	Y	weiter	156	  9,383	0.0583	46.25	german_at_news_2012_00965076
777	Und es geht immer so weiter.	Y	weiter	156	  9,383	0.0583	65.5	german_at_news_2012_00875398
778	Wie es jetzt weiter geht?	Y	weiter	156	  9,383	0.0583	81.4	german_at_news_2012_00954551
779	Wir waren doch schon weiter.	Y	weiter	156	  9,383	0.0583	96	german_at_news_2012_00971707
780	Es geht weiter - vier gegen vier.	Y	weiter	156	  9,383	0.0583	108.6	german_at_news_2012_00456122
781	Dafür ist die Zeit noch nicht da.	Y	dafür	157	  9,134	0.0568	62.7143	german_at_news_2012_00138469
782	Aber: Kann ich da was dafür?	Y	dafür	157	  9,134	0.0568	73.6667	german_at_news_2012_00008288
783	Dafür bin ich nicht zu haben.	Y	dafür	157	  9,134	0.0568	79	german_at_news_2012_00137938
784	Dafür sind sie aber fast so laut wie 60 %.	Y	dafür	157	  9,134	0.0568	90	german_at_news_2012_00138931
785	Was können die Kinder dafür?	Y	dafür	157	  9,134	0.0568	97.2	german_at_news_2012_00926651
786	Aber das ist nicht gebracht worden.	Y	worden	158	  9,060	0.0563	123.5	german_at_news_2012_00003608
787	Von Österreich ist bisher nichts gemacht worden.	Y	worden	158	  9,060	0.0563	135.7143	german_at_news_2012_00909588
788	Haider: Es ist noch nie die Frage gestellt worden, ob ich da nicht dabei sein werde.	Y	worden	158	  9,060	0.0563	146.0625	german_at_news_2012_00526894
789	Ist das wirklich von ihr gesagt worden?	Y	worden	158	  9,060	0.0563	175.8571	german_at_news_2012_00615766
790	Insgesamt seien seit dem Jahr 2009 bereits 860.000 Euro zur Verfügung gestellt worden.	Y	worden	158	  9,060	0.0563	193.3636	german_at_news_2012_00608474
791	Aber selbst da gibt er immer alles”, sagte der 81-Jährige.	Y	sagte	159	  8,977	0.0558	94.9	german_at_news_2012_00009921
792	"""""""Eine sagte: """""""" die war doch mit im Spiel“."""""""	Y	sagte	159	  8,977	0.0558	97.875	german_at_news_2012_00413260
793	Dafür habe ich aber keine Zeit“, sagte der FPÖ-Chef.	Y	sagte	159	  8,977	0.0558	119.4	german_at_news_2012_00138286
794	Und so soll es auch bleiben“, sagte Schüssel.	Y	sagte	159	  8,977	0.0558	129.625	german_at_news_2012_00881985
795	Jetzt ist alles möglich”, sagte der 27-Jährige.	Y	sagte	159	  8,977	0.0558	130.8571	german_at_news_2012_00624257
796	Ist auch erst seit 1-2 Jahren so.	Y	erst	160	  8,889	0.0552	64.8333	german_at_news_2012_00615427
797	Das war erst vor einem Jahr.	Y	erst	160	  8,889	0.0552	65.3333	german_at_news_2012_00203911
798	Nicht bei uns und nicht erst jetzt!	Y	erst	160	  8,889	0.0552	69.6667	german_at_news_2012_00723258
799	Wieder erst in zwei Jahren?	Y	erst	160	  8,889	0.0552	79.2	german_at_news_2012_00953057
800	Von mir aus auch erst ab 20 oder 50 Millionen.	Y	erst	160	  8,889	0.0552	80.75	german_at_news_2012_00909405
801	Ob das bereits die Neuen sind?	Y	ob	161	  8,884	0.0552	68.8333	german_at_news_2012_00737290
802	Ob sie will oder nicht.	Y	ob	161	  8,884	0.0552	71	german_at_news_2012_00739553
803	Ob aus den beiden mehr wird?	Y	ob	161	  8,884	0.0552	78.5	german_at_news_2012_00737101
804	Die Frage ist, ob man das will.	Y	ob	161	  8,884	0.0552	81.4286	german_at_news_2012_00303531
805	Ob das auch in der Politik geht?	Y	ob	161	  8,884	0.0552	86.5714	german_at_news_2012_00737279
806	War die jetzt schon wo?	Y	wo	162	  8,868	0.0551	74	german_at_news_2012_00920502
807	Aber wo sind die anderen?	Y	wo	162	  8,868	0.0551	78.4	german_at_news_2012_00012155
808	Jetzt wo es um uns geht.	Y	wo	162	  8,868	0.0551	89.6667	german_at_news_2012_00626246
809	Wo gibt es denn so etwas?	Y	wo	162	  8,868	0.0551	91.8333	german_at_news_2012_00974905
810	Ja, wo sind wir denn hier?	Y	wo	162	  8,868	0.0551	98.8333	german_at_news_2012_00618972
811	Aber ist das ein Leben?	Y	leben	163	  8,838	0.0549	46	german_at_news_2012_00008076
812	Es geht um das Leben.	Y	leben	163	  8,838	0.0549	66	german_at_news_2012_00455829
813	Österreich ist das Land zum Leben!	Y	leben	163	  8,838	0.0549	77.5	german_at_news_2012_00749618
814	Die beiden haben zwei Kinder und leben in Wien.	Y	leben	163	  8,838	0.0549	83.2222	german_at_news_2012_00285016
815	Wir werden selbst damit leben müssen.	Y	leben	163	  8,838	0.0549	99.8333	german_at_news_2012_00972294
816	Das ist mir zu laut.	Y	laut	164	  8,803	0.0547	68	german_at_news_2012_00179442
817	Dafür sind sie aber fast so laut wie 60 %.	Y	laut	164	  8,803	0.0547	90	german_at_news_2012_00138931
818	Man hat sich laut „E!	Y	laut	164	  8,803	0.0547	91.8	german_at_news_2012_00665634
819	Eine Stadt ist immer laut.	Y	laut	164	  8,803	0.0547	93.6	german_at_news_2012_00414281
820	Nicht, weil die Musik so laut ist.	Y	laut	164	  8,803	0.0547	106	german_at_news_2012_00725727
821	Kommt auch schon in die Jahre.	Y	kommt	165	  8,784	0.0546	60.6667	german_at_news_2012_00640639
822	Das kommt nicht gut an.	Y	kommt	165	  8,784	0.0546	66.4	german_at_news_2012_00182196
823	Es kommt und geht von einem zum anderen.	Y	kommt	165	  8,784	0.0546	68.625	german_at_news_2012_00464675
824	Und jetzt kommt er zu mir!	Y	kommt	165	  8,784	0.0546	74.8333	german_at_news_2012_00878359
825	Es kommt, wie's will.	Y	kommt	165	  8,784	0.0546	101.2	german_at_news_2012_00464685
826	Nichts ist mehr so, wie es war.	Y	nichts	166	  8,726	0.0542	51.4286	german_at_news_2012_00725326
827	Es gibt auch bei der anderen nichts.	Y	nichts	166	  8,726	0.0542	65.2857	german_at_news_2012_00456475
828	Jetzt ist nichts mehr zu machen.	Y	nichts	166	  8,726	0.0542	79.3333	german_at_news_2012_00624560
829	Es ist ja nichts dabei.	Y	nichts	166	  8,726	0.0542	85.4	german_at_news_2012_00462349
830	Aber das macht ja nichts.	Y	nichts	166	  8,726	0.0542	107.6	german_at_news_2012_00003736
831	Aber wer, wenn nicht er?	Y	wer	167	  8,695	0.054	61.6	german_at_news_2012_00011629
832	Nur: Wer hat das schon?	Y	wer	167	  8,695	0.054	62.8	german_at_news_2012_00736252
833	Er so: ‚Wer ist da?‘	Y	wer	167	  8,695	0.054	64	german_at_news_2012_00444671
834	ÖSTERREICH: Wer sind denn „die“?	Y	wer	167	  8,695	0.054	77.2	german_at_news_2012_00751531
835	Aber wer hat dann die Macht?	Y	wer	167	  8,695	0.054	83.5	german_at_news_2012_00011577
836	Bei ihm werden es wohl schon bis zu 45 Jahre sein.	Y	ihm	168	  8,602	0.0535	80.1	german_at_news_2012_00101399
837	Es wird ihm dabei nicht mehr viel im Weg stehen.	Y	ihm	168	  8,602	0.0535	95.5	german_at_news_2012_00471788
838	Kann aber auch sein, dass es ihm zu jeder Zeit recht ist.	Y	ihm	168	  8,602	0.0535	96.1667	german_at_news_2012_00629832
839	Die Menschen wissen, was sie an ihm haben.	Y	ihm	168	  8,602	0.0535	96.875	german_at_news_2012_00326559
840	Ich weiß nicht, wie es ihm geht.	Y	ihm	168	  8,602	0.0535	97	german_at_news_2012_00561051
841	Steht der Euro vor dem Aus?	Y	steht	169	  8,396	0.0522	54.1667	german_at_news_2012_00841838
842	Oder sie steht vor dem Aus.	Y	steht	169	  8,396	0.0522	55.8333	german_at_news_2012_00741931
843	Etwas, das für sich steht.	Y	steht	169	  8,396	0.0522	69.2	german_at_news_2012_00473486
844	Das steht mir nicht zu.	Y	steht	169	  8,396	0.0522	70.2	german_at_news_2012_00198551
845	Das steht mir doch gut!	Y	steht	169	  8,396	0.0522	108.8	german_at_news_2012_00198550
846	Und das wird nicht das Ende sein.	Y	ende	170	  8,378	0.0521	47	german_at_news_2012_00871600
847	Das hat jetzt ein Ende.	Y	ende	170	  8,378	0.0521	62.2	german_at_news_2012_00173387
848	Doch das hat nun ein Ende.	Y	ende	170	  8,378	0.0521	68.8333	german_at_news_2012_00383550
849	Wäre das das Ende des Euro?	Y	ende	170	  8,378	0.0521	86	german_at_news_2012_00920562
850	Aber Ende gut, alles gut.	Y	ende	170	  8,378	0.0521	120.25	german_at_news_2012_00005529
851	Das lassen wir nicht zu!	Y	lassen	171	  8,328	0.0517	50.8	german_at_news_2012_00183933
852	Wir können es aber nicht lassen.	Y	lassen	171	  8,328	0.0517	61.6667	german_at_news_2012_00967533
853	Damit wollen wir es für heute gut sein lassen.	Y	lassen	171	  8,328	0.0517	90.1111	german_at_news_2012_00148692
854	Sie soll mich sein lassen.	Y	lassen	171	  8,328	0.0517	95.2	german_at_news_2012_00813993
855	Man muss ihm Zeit lassen.	Y	lassen	171	  8,328	0.0517	122.2	german_at_news_2012_00667648
856	Das ist auch in seinem neuen Buch so.	Y	seinem	172	  8,239	0.0512	132	german_at_news_2012_00176601
857	Zu seinem Wort stehen das kann er nicht und wird er nie können.	Y	seinem	172	  8,239	0.0512	145.5	german_at_news_2012_00995117
858	Nach seinem Tod 2008 sollen es aber nur mehr knapp fünf Millionen Euro gewesen sein.	Y	seinem	172	  8,239	0.0512	171.5714	german_at_news_2012_00710637
859	Im Vergleich zu seinem aktuellen Stand wäre das ein Plus von mehr als sieben Prozent.	Y	seinem	172	  8,239	0.0512	205.5333	german_at_news_2012_00582405
860	Es war so Ende Juni, zwei Monate vor seinem Tod.	Y	seinem	172	  8,239	0.0512	216.8	german_at_news_2012_00470872
861	Was ist das nur für ein Land, in dem so etwas möglich ist?	Y	land	173	  8,199	0.0509	67.75	german_at_news_2012_00926184
862	Das ist auch dieses Land.	Y	land	173	  8,199	0.0509	69.8	german_at_news_2012_00176526
863	Österreich ist das Land zum Leben!	Y	land	173	  8,199	0.0509	77.5	german_at_news_2012_00749618
864	Das wird die Zukunft sein, wenn es im Land so weiter geht.“	Y	land	173	  8,199	0.0509	77.75	german_at_news_2012_00205538
865	Das 'Land' waren für ihn die Menschen.	Y	land	173	  8,199	0.0509	84.8571	german_at_news_2012_00183855
866	Wäre das auch was für Sie?	Y	wäre	174	  8,138	0.0506	49.1667	german_at_news_2012_00920559
867	Das wäre nicht so gut“.	Y	wäre	174	  8,138	0.0506	70	german_at_news_2012_00203832
868	Nun wäre es an der Zeit.	Y	wäre	174	  8,138	0.0506	74.1667	german_at_news_2012_00732542
869	Wäre das etwas für Österreich?	Y	wäre	174	  8,138	0.0506	80.2	german_at_news_2012_00920566
870	Es wäre nicht das erste Mal.	Y	wäre	174	  8,138	0.0506	98	german_at_news_2012_00470266
871	Das geht und sollte auch so sein.	Y	sollte	175	  8,134	0.0505	56.7143	german_at_news_2012_00170208
872	Aber einmal so und einmal so,dass sollte es nicht geben.	Y	sollte	175	  8,134	0.0505	66.6667	german_at_news_2012_00005485
873	Es sollte ein Film werden, der mehr ist als ich.	Y	sollte	175	  8,134	0.0505	84.2	german_at_news_2012_00468575
874	Und, was sollte man sagen: Sie war da!	Y	sollte	175	  8,134	0.0505	94.75	german_at_news_2012_00883556
875	Warum sollte das nicht auch in Wien der Fall sein?	Y	sollte	175	  8,134	0.0505	96.1	german_at_news_2012_00922674
876	Das wird auch noch kommen.	Y	kommen	176	  8,122	0.0505	54.8	german_at_news_2012_00205469
877	Kommen sie oder kommen sie nicht?	Y	kommen	176	  8,122	0.0505	66	german_at_news_2012_00640316
878	Sie können auch zu mir kommen.“	Y	kommen	176	  8,122	0.0505	74.8333	german_at_news_2012_00809870
879	Weiter kommen die beiden dabei nicht.	Y	kommen	176	  8,122	0.0505	106.8333	german_at_news_2012_00933453
880	Sie kommen ja selbst vom Land?	Y	kommen	176	  8,122	0.0505	116	german_at_news_2012_00809780
881	Und es sollen noch mehr werden.	Y	sollen	177	  8,086	0.0502	52.8333	german_at_news_2012_00875743
882	Und es sollen mehr werden.	Y	sollen	177	  8,086	0.0502	54.8	german_at_news_2012_00875742
883	Aber es hat nicht sein sollen, und es war besser so.	Y	sollen	177	  8,086	0.0502	72.5	german_at_news_2012_00006012
884	Sollen sie ja auch nicht.	Y	sollen	177	  8,086	0.0502	72.6	german_at_news_2012_00826723
885	Das sollen sie auch gar nicht sein.	Y	sollen	177	  8,086	0.0502	79.7143	german_at_news_2012_00197014
886	Aber was soll ich mit diesen Millionen?	Y	diesen	178	  8,014	0.0498	76.1429	german_at_news_2012_00011118
887	Diesen Erfolg können Sie auch haben!	Y	diesen	178	  8,014	0.0498	124.8333	german_at_news_2012_00349060
888	Wenn sie einen haben dann würde ich diesen auch gerne mal sehen!	Y	diesen	178	  8,014	0.0498	131.6667	german_at_news_2012_00943796
889	Wie ist er zu diesen gekommen?	Y	diesen	178	  8,014	0.0498	139.1667	german_at_news_2012_00955781
890	Wir wollen diesen Erfolg nicht für uns, wir wollen ihn für Europa.	Y	diesen	178	  8,014	0.0498	156.3333	german_at_news_2012_00972852
891	Und das nicht zum ersten Mal.	Y	mal	179	  7,985	0.0496	63	german_at_news_2012_00870878
892	Das hatte ich auch mal.	Y	mal	179	  7,985	0.0496	66.6	german_at_news_2012_00173714
893	Mal so mal so geht nicht.	Y	mal	179	  7,985	0.0496	83.75	german_at_news_2012_00662849
894	Es wäre nicht das erste Mal.	Y	mal	179	  7,985	0.0496	98	german_at_news_2012_00470266
895	Müssen wir mal was machen.‘	Y	mal	179	  7,985	0.0496	120	german_at_news_2012_00701301
896	Wenn sie ihn haben, dann ist das gut.	Y	ihn	180	  7,963	0.0495	64	german_at_news_2012_00943898
897	Das ist gut für ihn.	Y	ihn	180	  7,963	0.0495	65.8	german_at_news_2012_00178810
898	Nicht nur für ihn selbst.	Y	ihn	180	  7,963	0.0495	74.2	german_at_news_2012_00724663
899	Das war für ihn nicht das erste Mal.	Y	ihn	180	  7,963	0.0495	91.1429	german_at_news_2012_00204006
900	Wir müssen ihn nur machen.	Y	ihn	180	  7,963	0.0495	116.4	german_at_news_2012_00968549
901	War das nicht der andere?	Y	andere	181	  7,917	0.0492	50.6	german_at_news_2012_00920432
902	Ist doch einer, wie der Andere!	Y	andere	181	  7,917	0.0492	60.8333	german_at_news_2012_00616071
903	“Ja, die eine oder andere.	Y	andere	181	  7,917	0.0492	77	german_at_news_2012_00617488
904	Noch einmal: wie auch andere.	Y	andere	181	  7,917	0.0492	85.4	german_at_news_2012_00728089
905	Jetzt, mit 31 Jahren, kann alles andere kommen.	Y	andere	181	  7,917	0.0492	107	german_at_news_2012_00624964
906	Wie er sich und die Welt sieht.	Y	welt	182	  7,876	0.0489	77.8571	german_at_news_2012_00954406
907	Ich will noch mehr von der Welt sehen!	Y	welt	182	  7,876	0.0489	82.375	german_at_news_2012_00561892
908	Und die Welt mit ihnen.	Y	welt	182	  7,876	0.0489	83.2	german_at_news_2012_00874080
909	… Wie viel Geld gibt es auf der Welt?	Y	welt	182	  7,876	0.0489	85.25	german_at_news_2012_00960368
910	Das ist nicht seine Welt, das weiß er jetzt.	Y	welt	182	  7,876	0.0489	89	german_at_news_2012_00179679
911	Also um was geht es?	Y	also	183	  7,821	0.0486	82.2	german_at_news_2012_00034423
912	Also so viel wie bei uns.	Y	also	183	  7,821	0.0486	85.1667	german_at_news_2012_00034363
913	Und also leben sie hier bis heute.	Y	also	183	  7,821	0.0486	89.1429	german_at_news_2012_00867180
914	Da geht also noch mehr?	Y	also	183	  7,821	0.0486	93.4	german_at_news_2012_00139645
915	Also geht es mir gut“.	Y	also	183	  7,821	0.0486	116.2	german_at_news_2012_00033715
916	Und das soll’s auch.	Y	s	184	  7,820	0.0486	58	german_at_news_2012_00871337
917	“So war’s, und so kommt es nicht wieder.”	Y	s	184	  7,820	0.0486	67	german_at_news_2012_00832658
918	Aber da geht’s um mehr.	Y	s	184	  7,820	0.0486	83.6667	german_at_news_2012_00003097
919	Ja, so soll’s sein.	Y	s	184	  7,820	0.0486	97	german_at_news_2012_00618813
920	Hier geht’s ja um Menschen.	Y	s	184	  7,820	0.0486	111	german_at_news_2012_00538246
921	Und wir sind jetzt ein Jahr dort.	Y	dort	185	  7,802	0.0485	67.8571	german_at_news_2012_00885609
922	ÖSTERREICH: Waren Sie dort auch?	Y	dort	185	  7,802	0.0485	79.4	german_at_news_2012_00751244
923	Nichts bleibt hier von dem über, was sie dort war.	Y	dort	185	  7,802	0.0485	94.8	german_at_news_2012_00725126
924	Dort kam sie aber nicht an.	Y	dort	185	  7,802	0.0485	95.3333	german_at_news_2012_00390608
925	Waren Sie jetzt wieder dort?	Y	dort	185	  7,802	0.0485	95.4	german_at_news_2012_00921002
926	Wir wollen das nicht mehr.	Y	wollen	186	  7,730	0.048	62.2	german_at_news_2012_00972748
927	Sie kann wollen oder nicht.	Y	wollen	186	  7,730	0.048	67	german_at_news_2012_00809638
928	Wir wollen nicht mehr weiter werden.	Y	wollen	186	  7,730	0.048	81.3333	german_at_news_2012_00973092
929	Die machen doch was sie wollen.	Y	wollen	186	  7,730	0.048	86	german_at_news_2012_00324193
930	Was wollen Sie damit machen?	Y	wollen	186	  7,730	0.048	101	german_at_news_2012_00928958
931	Der würde das aber auch in Wien mit der SPÖ können.	Y	würde	187	  7,710	0.0479	54.1	german_at_news_2012_00268439
932	Auch sie hat eine Würde.“	Y	würde	187	  7,710	0.0479	54.8	german_at_news_2012_00071382
933	Aber so was würde ich heute nicht mehr machen.	Y	würde	187	  7,710	0.0479	75.8889	german_at_news_2012_00010382
934	Heute würde ich das nicht mehr machen.	Y	würde	187	  7,710	0.0479	78.5714	german_at_news_2012_00536989
935	Ja, ich würde das wieder machen.	Y	würde	187	  7,710	0.0479	96	german_at_news_2012_00618151
936	Und die haben auch Kinder.“	Y	kinder	188	  7,558	0.047	51.6	german_at_news_2012_00872996
937	Nicht, wenn man Kinder hat.	Y	kinder	188	  7,558	0.047	66.6	german_at_news_2012_00725838
938	Kinder werden auch keine mehr.	Y	kinder	188	  7,558	0.047	73.6	german_at_news_2012_00636777
939	Da will ich auch Kinder.	Y	kinder	188	  7,558	0.047	86.2	german_at_news_2012_00209001
940	Und vor allem: Ohne seine Frau und die drei Kinder.	Y	kinder	188	  7,558	0.047	100.3333	german_at_news_2012_00882960
941	Das seien um 323 Euro pro Jahr mehr als noch vor fünf Jahren.	Y	seien	189	  7,533	0.0468	93.5	german_at_news_2012_00193998
942	Rund 750.000 Euro seien es im vergangenen Jahr gewesen.	Y	seien	189	  7,533	0.0468	125.375	german_at_news_2012_00775403
943	Denn dann seien es genau 50 Jahre nach den ersten Spielen im Jahr 1964.	Y	seien	189	  7,533	0.0468	128.8333	german_at_news_2012_00218604
944	Wieder seien mehr als 40 Länder mit dabei.	Y	seien	189	  7,533	0.0468	139.2857	german_at_news_2012_00953298
945	Einer davon seien Sie gewesen.	Y	seien	189	  7,533	0.0468	144.2	german_at_news_2012_00411883
946	Ob aus den beiden mehr wird?	Y	beiden	190	  7,512	0.0467	78.5	german_at_news_2012_00737101
947	Die beiden haben zwei Kinder und leben in Wien.	Y	beiden	190	  7,512	0.0467	83.2222	german_at_news_2012_00285016
948	Es sieht gut aus für die beiden.	Y	beiden	190	  7,512	0.0467	93.8571	german_at_news_2012_00467837
949	Weiter kommen die beiden dabei nicht.	Y	beiden	190	  7,512	0.0467	106.8333	german_at_news_2012_00933453
950	Die beiden sollen in den 1980er Jahren ein Paar gewesen sein.	Y	beiden	190	  7,512	0.0467	107.3636	german_at_news_2012_00285469
951	Allerdings nicht nur für uns.	Y	allerdings	191	  7,483	0.0465	77.4	german_at_news_2012_00024865
952	Allerdings: Auch das ist nicht sicher.	Y	allerdings	191	  7,483	0.0465	94.3333	german_at_news_2012_00023881
953	Heute gibt es allerdings keine.	Y	allerdings	191	  7,483	0.0465	95.4	german_at_news_2012_00535477
954	Die Frage ist allerdings, ob Wien das will.	Y	allerdings	191	  7,483	0.0465	98.875	german_at_news_2012_00303457
955	Das kann die 45-Jährige so allerdings nicht stehen lassen.	Y	allerdings	191	  7,483	0.0465	101.5556	german_at_news_2012_00181117
956	Es war die erste von vier.	Y	vier	192	  7,481	0.0465	77.3333	german_at_news_2012_00469538
957	In drei bis vier Jahren ist er nur noch einer von vielen.	Y	vier	192	  7,481	0.0465	80.0833	german_at_news_2012_00597036
958	Bei mir war das aber schon nach vier Wochen.	Y	vier	192	  7,481	0.0465	98.1111	german_at_news_2012_00103379
959	Besser als vor vier Jahren in Österreich?	Y	vier	192	  7,481	0.0465	101.4286	german_at_news_2012_00111871
960	Weiter mit vier gegen vier!	Y	vier	192	  7,481	0.0465	106.5	german_at_news_2012_00933469
961	Aber in etwa könnte das so gewesen sein.	Y	könnte	193	  7,476	0.0465	90.125	german_at_news_2012_00007949
962	Das könnte man so sehen.	Y	könnte	193	  7,476	0.0465	100.4	german_at_news_2012_00182660
963	Schon 2020 könnte alles zu Ende sein.	Y	könnte	193	  7,476	0.0465	107.1667	german_at_news_2012_00784143
964	Es ist richtig, es könnte von allem noch mehr sein.	Y	könnte	193	  7,476	0.0465	110.2222	german_at_news_2012_00463183
965	Das könnte ich nicht sagen.	Y	könnte	193	  7,476	0.0465	114.4	german_at_news_2012_00182632
966	Er zeigt, dass der Weg, den wir mit dem ‚eltern.	Y	zeigt	194	  7,417	0.0461	103.2	german_at_news_2012_00452247
967	Nicht ohne Grund, wie sich heute zeigt.	Y	zeigt	194	  7,417	0.0461	130.4286	german_at_news_2012_00725020
968	Im Interview zeigt er sich als „1.	Y	zeigt	194	  7,417	0.0461	135.1667	german_at_news_2012_00573061
969	Die ÖVP zeigt hier wie sie in den letzten 12 Jahren zu uns arbeitet.	Y	zeigt	194	  7,417	0.0461	145.1538	german_at_news_2012_00334421
970	Nur dass er selber in die Politik geht und zeigt wie es besser geht - das macht er natürlich auch nicht.	Y	zeigt	194	  7,417	0.0461	146.5556	german_at_news_2012_00733536
971	Derzeit ist das noch zu wenig.	Y	derzeit	195	  7,381	0.0459	87.5	german_at_news_2012_00269080
972	Derzeit haben wir das Geld dafür nicht.	Y	derzeit	195	  7,381	0.0459	102.1429	german_at_news_2012_00268988
973	Wie geht es derzeit bei Ihnen weiter?	Y	derzeit	195	  7,381	0.0459	108.1429	german_at_news_2012_00954863
974	Wie viele ist derzeit noch nicht bekannt.	Y	derzeit	195	  7,381	0.0459	112.5714	german_at_news_2012_00960238
975	Derzeit liegen wir bei 340. Und das sind sicher nicht alle.	Y	derzeit	195	  7,381	0.0459	123.2	german_at_news_2012_00269360
976	Wie macht sie das nur?	Y	macht	196	  7,337	0.0456	60.4	german_at_news_2012_00956587
977	Wie macht man so was?	Y	macht	196	  7,337	0.0456	73.8	german_at_news_2012_00956585
978	Und nicht etwas macht, weil man es muss.	Y	macht	196	  7,337	0.0456	81.375	german_at_news_2012_00879703
979	Was macht eine Frau zu einer Frau?	Y	macht	196	  7,337	0.0456	88.5	german_at_news_2012_00926842
980	Die macht alles alles alles.	Y	macht	196	  7,337	0.0456	115.6667	german_at_news_2012_00324214
981	Sie ist das erste Mal am 27.8.	Y	erste	197	  7,268	0.0452	73.3333	german_at_news_2012_00808777
982	Es war die erste von vier.	Y	erste	197	  7,268	0.0452	77.3333	german_at_news_2012_00469538
983	Das war für ihn nicht das erste Mal.	Y	erste	197	  7,268	0.0452	91.1429	german_at_news_2012_00204006
984	Es wäre nicht das erste Mal.	Y	erste	197	  7,268	0.0452	98	german_at_news_2012_00470266
985	Das erste Mal vor drei Jahren.	Y	erste	197	  7,268	0.0452	102	german_at_news_2012_00167283
986	Er ist in der Stadt.	Y	stadt	198	  7,165	0.0445	48.2	german_at_news_2012_00439473
987	In der Stadt Wien sind es 49,2 Prozent.	Y	stadt	198	  7,165	0.0445	57.5714	german_at_news_2012_00593574
988	Vor allem in der Stadt.	Y	stadt	198	  7,165	0.0445	76.8	german_at_news_2012_00911672
989	Man muss die Stadt so sehen, wie sie war“.	Y	stadt	198	  7,165	0.0445	78.7778	german_at_news_2012_00667402
990	Eine Stadt ist immer laut.	Y	stadt	198	  7,165	0.0445	93.6	german_at_news_2012_00414281
991	Und dann war ich auch noch eine Frau.	Y	frau	199	  7,100	0.0441	54.375	german_at_news_2012_00869791
992	Aber die neue Frau will das nicht.	Y	frau	199	  7,100	0.0441	66.1429	german_at_news_2012_00004779
993	Was macht eine Frau zu einer Frau?	Y	frau	199	  7,100	0.0441	88.5	german_at_news_2012_00926842
994	Gibt es eine andere Frau?	Y	frau	199	  7,100	0.0441	98.4	german_at_news_2012_00515593
995	Macht ihn das mehr zur Frau?	Y	frau	199	  7,100	0.0441	114.6667	german_at_news_2012_00661684
996	Aber Unternehmen sind keine Menschen.	Y	unternehmen	200	  7,055	0.0438	94.8	german_at_news_2012_00010643
997	Muss die Politik da nicht etwas unternehmen?	Y	unternehmen	200	  7,055	0.0438	122.5714	german_at_news_2012_00701250
998	Das gilt auch für andere Unternehmen.	Y	unternehmen	200	  7,055	0.0438	124.6667	german_at_news_2012_00171545
999	Auch für Unternehmen gibt es Neues.	Y	unternehmen	200	  7,055	0.0438	128.6667	german_at_news_2012_00066806
1000	Was werden Sie in diese Richtung unternehmen?	Y	unternehmen	200	  7,055	0.0438	134.5714	german_at_news_2012_00928738
